gene,condition,neighbor,neighbor_condition,similarity,rank
SGF29,Stim48hr,CCNC,Stim48hr,0.6568,1
SGF29,Stim48hr,STIP1,Stim48hr,0.4825,2
SGF29,Stim48hr,DOP1B,Stim48hr,0.4479,3
SGF29,Stim48hr,PAXIP1,Stim48hr,0.4278,4
SGF29,Stim48hr,IL2RB,Stim48hr,0.3847,5
SGF29,Stim48hr,ZNF649,Stim48hr,0.3507,6
SGF29,Stim48hr,GATA3,Stim48hr,0.3442,7
SGF29,Stim48hr,PPM1L,Rest,0.3196,8
TADA2B,Stim8hr,TAF6L,Stim8hr,0.9412,1
TADA2B,Stim8hr,SUPT20H,Stim8hr,0.9243,2
TADA2B,Stim8hr,TADA1,Stim8hr,0.8762,3
TADA2B,Stim8hr,CHD7,Stim8hr,0.8723,4
TADA2B,Stim8hr,TSPYL5,Stim8hr,0.854,5
TADA2B,Stim8hr,SUPT7L,Stim8hr,0.8362,6
TADA2B,Stim8hr,MED12,Stim8hr,0.7461,7
TADA2B,Stim8hr,SENP5,Stim8hr,0.737,8
SENP5,Stim8hr,MED12,Stim8hr,0.7777,1
SENP5,Stim8hr,TADA2B,Stim8hr,0.737,2
SENP5,Stim8hr,TAF6L,Stim8hr,0.7301,3
SENP5,Stim8hr,MED19,Stim8hr,0.7118,4
SENP5,Stim8hr,SUPT20H,Stim8hr,0.6974,5
SENP5,Stim8hr,UBE2L3,Stim8hr,0.6854,6
SENP5,Stim8hr,STX16,Stim8hr,0.6772,7
SENP5,Stim8hr,SUPT7L,Stim8hr,0.6738,8
SUPT20H,Stim8hr,TADA2B,Stim8hr,0.9243,1
SUPT20H,Stim8hr,TAF6L,Stim8hr,0.9201,2
SUPT20H,Stim8hr,TADA1,Stim8hr,0.8988,3
SUPT20H,Stim8hr,TSPYL5,Stim8hr,0.8566,4
SUPT20H,Stim8hr,SUPT7L,Stim8hr,0.8551,5
SUPT20H,Stim8hr,CHD7,Stim8hr,0.841,6
SUPT20H,Stim8hr,MED12,Stim8hr,0.7512,7
SUPT20H,Stim8hr,SENP5,Stim8hr,0.6974,8
TADA1,Stim8hr,SUPT20H,Stim8hr,0.8988,1
TADA1,Stim8hr,TAF6L,Stim8hr,0.8781,2
TADA1,Stim8hr,TADA2B,Stim8hr,0.8762,3
TADA1,Stim8hr,TSPYL5,Stim8hr,0.8573,4
TADA1,Stim8hr,SUPT7L,Stim8hr,0.8516,5
TADA1,Stim8hr,CHD7,Stim8hr,0.8065,6
TADA1,Stim8hr,MED12,Stim8hr,0.7159,7
TADA1,Stim8hr,SENP5,Stim8hr,0.618,8
CCNC,Stim48hr,SGF29,Stim48hr,0.6568,1
CCNC,Stim48hr,DOP1B,Stim48hr,0.5401,2
CCNC,Stim48hr,PAXIP1,Stim48hr,0.484,3
CCNC,Stim48hr,ZNF649,Stim48hr,0.4097,4
CCNC,Stim48hr,TM2D1,Stim48hr,0.4003,5
CCNC,Stim48hr,DLG4,Rest,0.3584,6
CCNC,Stim48hr,PDCL,Stim48hr,0.3553,7
CCNC,Stim48hr,SOCS2,Stim48hr,0.3533,8
MED12,Stim8hr,MED19,Stim8hr,0.778,1
MED12,Stim8hr,SENP5,Stim8hr,0.7777,2
MED12,Stim8hr,SUPT20H,Stim8hr,0.7512,3
MED12,Stim8hr,TADA2B,Stim8hr,0.7461,4
MED12,Stim8hr,SUPT7L,Stim8hr,0.7379,5
MED12,Stim8hr,TAF6L,Stim8hr,0.7216,6
MED12,Stim8hr,CHD7,Stim8hr,0.7162,7
MED12,Stim8hr,TADA1,Stim8hr,0.7159,8
NFRKB,Rest,BHLHE40,Stim8hr,0.3081,1
NFRKB,Rest,PDCL,Stim48hr,0.2843,2
NFRKB,Rest,SMIM3,Rest,0.279,3
NFRKB,Rest,DOP1B,Stim48hr,0.2553,4
NFRKB,Rest,SMARCB1,Rest,0.2433,5
NFRKB,Rest,DUSP22,Stim48hr,0.2421,6
NFRKB,Rest,CRTC3,Stim8hr,0.241,7
NFRKB,Rest,MAGI3,Stim48hr,0.2394,8
TAF6L,Stim8hr,TADA2B,Stim8hr,0.9412,1
TAF6L,Stim8hr,SUPT20H,Stim8hr,0.9201,2
TAF6L,Stim8hr,TADA1,Stim8hr,0.8781,3
TAF6L,Stim8hr,TSPYL5,Stim8hr,0.8574,4
TAF6L,Stim8hr,SUPT7L,Stim8hr,0.8357,5
TAF6L,Stim8hr,CHD7,Stim8hr,0.831,6
TAF6L,Stim8hr,SENP5,Stim8hr,0.7301,7
TAF6L,Stim8hr,MED12,Stim8hr,0.7216,8
ARNT,Stim48hr,TP53INP2,Stim48hr,0.8543,1
ARNT,Stim48hr,AHR,Rest,0.3396,2
ARNT,Stim48hr,STIP1,Stim48hr,0.2147,3
ARNT,Stim48hr,CCNC,Stim48hr,0.2086,4
ARNT,Stim48hr,DOP1B,Stim48hr,0.1806,5
ARNT,Stim48hr,SOCS2,Stim48hr,0.1702,6
ARNT,Stim48hr,SGF29,Stim48hr,0.1608,7
ARNT,Stim48hr,PDCL,Stim48hr,0.1449,8
ATP2A2,Rest,RHOA,Stim48hr,0.3257,1
ATP2A2,Rest,PRKAR1A,Stim8hr,0.2928,2
ATP2A2,Rest,MTA2,Stim8hr,0.2699,3
ATP2A2,Rest,TAF13,Stim8hr,0.264,4
ATP2A2,Rest,IL12RB2,Stim8hr,0.2565,5
ATP2A2,Rest,EIF4G1,Stim8hr,0.2512,6
ATP2A2,Rest,ATF4,Stim8hr,0.2495,7
ATP2A2,Rest,DENR,Stim8hr,0.2451,8
TAF13,Stim8hr,TAF11,Stim8hr,0.8138,1
TAF13,Stim8hr,MED19,Stim8hr,0.4629,2
TAF13,Stim8hr,POGLUT3,Stim8hr,0.4391,3
TAF13,Stim8hr,MED12,Stim8hr,0.3538,4
TAF13,Stim8hr,MRC2,Stim48hr,0.3417,5
TAF13,Stim8hr,DENR,Stim8hr,0.3169,6
TAF13,Stim8hr,CHD7,Stim8hr,0.3079,7
TAF13,Stim8hr,EIF4G1,Stim8hr,0.3069,8
LEO1,Rest,SKIC8,Stim48hr,0.3412,1
LEO1,Rest,RPRD2,Stim48hr,0.2603,2
LEO1,Rest,ELOF1,Stim48hr,0.2576,3
LEO1,Rest,MOSPD1,Rest,0.2554,4
LEO1,Rest,UVRAG,Rest,0.2244,5
LEO1,Rest,MED15,Rest,0.2133,6
LEO1,Rest,PDSS2,Stim8hr,0.2033,7
LEO1,Rest,SETDB1,Rest,0.1945,8
KDM1A,Stim48hr,SIK3,Stim48hr,0.2834,1
KDM1A,Stim48hr,CD3E,Stim8hr,0.2761,2
KDM1A,Stim48hr,LCK,Stim8hr,0.2759,3
KDM1A,Stim48hr,LAT,Stim8hr,0.2747,4
KDM1A,Stim48hr,LAMTOR2,Stim48hr,0.271,5
KDM1A,Stim48hr,RRAGA,Stim48hr,0.2628,6
KDM1A,Stim48hr,PLCG1,Stim8hr,0.2628,7
KDM1A,Stim48hr,PGGT1B,Stim8hr,0.2619,8
ELOF1,Stim48hr,CLCC1,Stim48hr,0.3523,1
ELOF1,Stim48hr,PLCG1,Stim8hr,0.2878,2
ELOF1,Stim48hr,CD3E,Stim8hr,0.2859,3
ELOF1,Stim48hr,PKN3,Stim48hr,0.2734,4
ELOF1,Stim48hr,ZAP70,Stim8hr,0.2713,5
ELOF1,Stim48hr,LAT,Stim8hr,0.2688,6
ELOF1,Stim48hr,LEO1,Rest,0.2576,7
ELOF1,Stim48hr,RRAGA,Stim48hr,0.2524,8
SMARCE1,Stim8hr,SMARCB1,Rest,0.4542,1
SMARCE1,Stim8hr,IL2RB,Stim48hr,0.2701,2
SMARCE1,Stim8hr,GATA3,Stim48hr,0.2324,3
SMARCE1,Stim8hr,KLF2,Rest,0.2105,4
SMARCE1,Stim8hr,CREBBP,Stim8hr,0.2022,5
SMARCE1,Stim8hr,NSD1,Stim48hr,0.1681,6
SMARCE1,Stim8hr,SGF29,Stim48hr,0.154,7
SMARCE1,Stim8hr,NFRKB,Rest,0.152,8
ELOB,Stim8hr,UBE2L3,Stim8hr,0.3694,1
ELOB,Stim8hr,SENP5,Stim8hr,0.3497,2
ELOB,Stim8hr,TADA2B,Stim8hr,0.3485,3
ELOB,Stim8hr,MED19,Stim8hr,0.347,4
ELOB,Stim8hr,NCAPG2,Stim8hr,0.3416,5
ELOB,Stim8hr,EIF1AX,Stim8hr,0.3343,6
ELOB,Stim8hr,TAF6L,Stim8hr,0.3331,7
ELOB,Stim8hr,EIF4G2,Stim8hr,0.3123,8
DENR,Stim8hr,MED19,Stim8hr,0.4475,1
DENR,Stim8hr,NCAPG2,Stim8hr,0.4075,2
DENR,Stim8hr,SENP5,Stim8hr,0.3884,3
DENR,Stim8hr,UBE2L3,Stim8hr,0.3604,4
DENR,Stim8hr,TAF6L,Stim8hr,0.3527,5
DENR,Stim8hr,TESPA1,Stim8hr,0.3472,6
DENR,Stim8hr,POGLUT3,Stim8hr,0.3471,7
DENR,Stim8hr,TADA2B,Stim8hr,0.3354,8
ATAD5,Rest,MED15,Rest,0.3336,1
ATAD5,Rest,UBE2L3,Stim8hr,0.3188,2
ATAD5,Rest,MED19,Stim8hr,0.2974,3
ATAD5,Rest,TESPA1,Stim8hr,0.2832,4
ATAD5,Rest,NCAPG2,Stim8hr,0.2804,5
ATAD5,Rest,MYB,Rest,0.2566,6
ATAD5,Rest,NAA30,Stim8hr,0.2549,7
ATAD5,Rest,ERCC4,Stim48hr,0.2401,8
SUPT7L,Stim8hr,SUPT20H,Stim8hr,0.8551,1
SUPT7L,Stim8hr,TADA1,Stim8hr,0.8516,2
SUPT7L,Stim8hr,TADA2B,Stim8hr,0.8362,3
SUPT7L,Stim8hr,TAF6L,Stim8hr,0.8357,4
SUPT7L,Stim8hr,TSPYL5,Stim8hr,0.8029,5
SUPT7L,Stim8hr,CHD7,Stim8hr,0.7862,6
SUPT7L,Stim8hr,MED12,Stim8hr,0.7379,7
SUPT7L,Stim8hr,SENP5,Stim8hr,0.6738,8
DHX36,Rest,KIFAP3,Rest,0.6408,1
DHX36,Rest,UVRAG,Rest,0.3451,2
DHX36,Rest,STRAP,Rest,0.2842,3
DHX36,Rest,MRC2,Stim48hr,0.2629,4
DHX36,Rest,EWSR1,Rest,0.2623,5
DHX36,Rest,MED15,Rest,0.2516,6
DHX36,Rest,RHOA,Stim48hr,0.2435,7
DHX36,Rest,SETDB1,Rest,0.2418,8
ELAVL1,Stim8hr,ARFGEF2,Stim8hr,0.4944,1
ELAVL1,Stim8hr,CRTC3,Stim8hr,0.4484,2
ELAVL1,Stim8hr,ITPR1,Stim48hr,0.4361,3
ELAVL1,Stim8hr,SC5D,Stim8hr,0.4332,4
ELAVL1,Stim8hr,MORC2,Stim8hr,0.4292,5
ELAVL1,Stim8hr,DUSP22,Stim48hr,0.4154,6
ELAVL1,Stim8hr,DDX19B,Stim8hr,0.4079,7
ELAVL1,Stim8hr,CEP250,Stim8hr,0.4057,8
EIF4G2,Stim8hr,ELOB,Stim8hr,0.3123,1
EIF4G2,Stim8hr,DENR,Stim8hr,0.2848,2
EIF4G2,Stim8hr,NCAPG2,Stim8hr,0.2588,3
EIF4G2,Stim8hr,UBE2E2,Stim8hr,0.2563,4
EIF4G2,Stim8hr,UBE2L3,Stim8hr,0.2488,5
EIF4G2,Stim8hr,PLCG1,Stim8hr,0.2421,6
EIF4G2,Stim8hr,CD3E,Stim8hr,0.2329,7
EIF4G2,Stim8hr,ZAP70,Stim8hr,0.2265,8
SMG1,Stim8hr,SMG7,Stim8hr,0.7759,1
SMG1,Stim8hr,CASC3,Stim8hr,0.5467,2
SMG1,Stim8hr,EGR2,Stim8hr,0.1836,3
SMG1,Stim8hr,RTRAF,Stim8hr,0.1677,4
SMG1,Stim8hr,STRAP,Rest,0.1547,5
SMG1,Stim8hr,DDX1,Stim8hr,0.1492,6
SMG1,Stim8hr,ELP1,Stim8hr,0.1306,7
SMG1,Stim8hr,SLC35B1,Stim8hr,0.1298,8
CREBBP,Stim8hr,PARP14,Stim8hr,0.385,1
CREBBP,Stim8hr,CCNC,Stim48hr,0.2792,2
CREBBP,Stim8hr,LAT,Stim8hr,0.2749,3
CREBBP,Stim8hr,USO1,Stim8hr,0.2674,4
CREBBP,Stim8hr,ZAP70,Stim8hr,0.2661,5
CREBBP,Stim8hr,DOLPP1,Stim8hr,0.2657,6
CREBBP,Stim8hr,DCAKD,Stim8hr,0.2606,7
CREBBP,Stim8hr,IL2RB,Stim48hr,0.2546,8
AHR,Rest,PPM1L,Rest,0.682,1
AHR,Rest,UBXN1,Rest,0.6687,2
AHR,Rest,NCKAP1L,Rest,0.6643,3
AHR,Rest,GABARAPL1,Rest,0.6603,4
AHR,Rest,ZMYM2,Rest,0.6588,5
AHR,Rest,DYNC2H1,Rest,0.6413,6
AHR,Rest,DLG4,Rest,0.6364,7
AHR,Rest,BPNT1,Rest,0.6359,8
USP22,Stim8hr,ATXN7L3,Stim8hr,0.6115,1
USP22,Stim8hr,SUPT20H,Stim8hr,0.4733,2
USP22,Stim8hr,TAF6L,Stim8hr,0.4709,3
USP22,Stim8hr,TADA2B,Stim8hr,0.4189,4
USP22,Stim8hr,SUPT7L,Stim8hr,0.4026,5
USP22,Stim8hr,TSPYL5,Stim8hr,0.3927,6
USP22,Stim8hr,CHD7,Stim8hr,0.3918,7
USP22,Stim8hr,TADA1,Stim8hr,0.3874,8
MED15,Rest,MED19,Stim8hr,0.4363,1
MED15,Rest,POGLUT3,Stim8hr,0.3746,2
MED15,Rest,MRC2,Stim48hr,0.3652,3
MED15,Rest,MED12,Stim8hr,0.3618,4
MED15,Rest,MOSPD1,Rest,0.351,5
MED15,Rest,CD3E,Stim8hr,0.339,6
MED15,Rest,CLCC1,Stim48hr,0.3376,7
MED15,Rest,ATAD5,Rest,0.3336,8
NSD1,Stim48hr,IL2RB,Stim48hr,0.3079,1
NSD1,Stim48hr,GATA3,Stim48hr,0.2893,2
NSD1,Stim48hr,ZNF649,Stim48hr,0.212,3
NSD1,Stim48hr,BHLHE40,Stim8hr,0.2055,4
NSD1,Stim48hr,HDGF,Stim48hr,0.194,5
NSD1,Stim48hr,HNRNPUL2,Stim48hr,0.1854,6
NSD1,Stim48hr,CRTC3,Stim8hr,0.1708,7
NSD1,Stim48hr,SMARCE1,Stim8hr,0.1681,8
RPRD2,Stim48hr,YTHDF2,Stim48hr,0.3018,1
RPRD2,Stim48hr,ACTR2,Stim48hr,0.2623,2
RPRD2,Stim48hr,LEO1,Rest,0.2603,3
RPRD2,Stim48hr,PTPA,Stim48hr,0.252,4
RPRD2,Stim48hr,PDSS2,Stim8hr,0.249,5
RPRD2,Stim48hr,RHOA,Stim48hr,0.2438,6
RPRD2,Stim48hr,KHDRBS1,Stim8hr,0.227,7
RPRD2,Stim48hr,TFAM,Stim48hr,0.2108,8
CPSF6,Stim8hr,CFAP298,Stim8hr,0.4597,1
CPSF6,Stim8hr,PPIH,Stim8hr,0.4402,2
CPSF6,Stim8hr,COX6C,Stim8hr,0.4135,3
CPSF6,Stim8hr,KHDRBS1,Stim8hr,0.402,4
CPSF6,Stim8hr,PDSS2,Stim8hr,0.3899,5
CPSF6,Stim8hr,PRKAR1A,Stim8hr,0.3858,6
CPSF6,Stim8hr,STARD3,Stim8hr,0.3811,7
CPSF6,Stim8hr,ATF4,Stim8hr,0.3661,8
UBE2L3,Stim8hr,SENP5,Stim8hr,0.6854,1
UBE2L3,Stim8hr,GLIPR2,Stim8hr,0.6025,2
UBE2L3,Stim8hr,MED12,Stim8hr,0.5976,3
UBE2L3,Stim8hr,MED19,Stim8hr,0.5775,4
UBE2L3,Stim8hr,STX16,Stim8hr,0.5698,5
UBE2L3,Stim8hr,TAF6L,Stim8hr,0.529,6
UBE2L3,Stim8hr,TADA2B,Stim8hr,0.5118,7
UBE2L3,Stim8hr,SUPT20H,Stim8hr,0.4913,8
UFM1,Stim8hr,EIF4G1,Stim8hr,0.3827,1
UFM1,Stim8hr,ATF4,Stim8hr,0.3614,2
UFM1,Stim8hr,SLC35B1,Stim8hr,0.2901,3
UFM1,Stim8hr,KHDRBS1,Stim8hr,0.2693,4
UFM1,Stim8hr,ARFGEF2,Stim8hr,0.2672,5
UFM1,Stim8hr,TXNL4B,Stim8hr,0.2641,6
UFM1,Stim8hr,ELP1,Stim8hr,0.2627,7
UFM1,Stim8hr,CFAP298,Stim8hr,0.26,8
UBXN1,Rest,ZMYM2,Rest,0.8499,1
UBXN1,Rest,NCKAP1L,Rest,0.8254,2
UBXN1,Rest,DYNC2H1,Rest,0.8123,3
UBXN1,Rest,PPM1L,Rest,0.7841,4
UBXN1,Rest,GABARAPL1,Rest,0.7775,5
UBXN1,Rest,INSR,Rest,0.7769,6
UBXN1,Rest,DLG4,Rest,0.7678,7
UBXN1,Rest,BPNT1,Rest,0.7656,8
WAC,Stim8hr,CEP250,Stim8hr,0.4365,1
WAC,Stim8hr,ARFGEF2,Stim8hr,0.4284,2
WAC,Stim8hr,BHLHE40,Stim8hr,0.4278,3
WAC,Stim8hr,TP53,Rest,0.4184,4
WAC,Stim8hr,ITPR1,Stim48hr,0.4151,5
WAC,Stim8hr,ARRDC1,Rest,0.403,6
WAC,Stim8hr,PPIH,Stim8hr,0.4022,7
WAC,Stim8hr,ZNF649,Stim48hr,0.3991,8
SMARCB1,Rest,INSR,Rest,0.4689,1
SMARCB1,Rest,SMARCE1,Stim8hr,0.4542,2
SMARCB1,Rest,UBXN1,Rest,0.449,3
SMARCB1,Rest,ARRDC1,Rest,0.4351,4
SMARCB1,Rest,NCKAP1L,Rest,0.4344,5
SMARCB1,Rest,ZMYM2,Rest,0.4245,6
SMARCB1,Rest,TAOK2,Rest,0.4148,7
SMARCB1,Rest,DYNC2H1,Rest,0.4025,8
SETDB1,Rest,MED15,Rest,0.3079,1
SETDB1,Rest,ATF7IP2,Stim8hr,0.3044,2
SETDB1,Rest,UVRAG,Rest,0.2657,3
SETDB1,Rest,DHX36,Rest,0.2418,4
SETDB1,Rest,LAMTOR2,Stim48hr,0.2181,5
SETDB1,Rest,EWSR1,Rest,0.2176,6
SETDB1,Rest,MRC2,Stim48hr,0.2044,7
SETDB1,Rest,MOSPD1,Rest,0.197,8
WDR82,Stim8hr,BTAF1,Stim8hr,0.1963,1
WDR82,Stim8hr,WAC,Stim8hr,0.1778,2
WDR82,Stim8hr,TADA1,Stim8hr,0.1349,3
WDR82,Stim8hr,BHLHE40,Stim8hr,0.099,4
WDR82,Stim8hr,SGF29,Stim48hr,0.098,5
WDR82,Stim8hr,RETREG2,Stim8hr,0.0972,6
WDR82,Stim8hr,STAT3,Stim48hr,0.0927,7
WDR82,Stim8hr,MORC2,Stim8hr,0.0878,8
YTHDF2,Stim48hr,PDCL,Stim48hr,0.3959,1
YTHDF2,Stim48hr,STARD3,Stim8hr,0.3887,2
YTHDF2,Stim48hr,DOP1B,Stim48hr,0.3738,3
YTHDF2,Stim48hr,PAXIP1,Stim48hr,0.3725,4
YTHDF2,Stim48hr,SEC31A,Stim48hr,0.3466,5
YTHDF2,Stim48hr,ARFGEF2,Stim8hr,0.3321,6
YTHDF2,Stim48hr,TM2D1,Stim48hr,0.3233,7
YTHDF2,Stim48hr,ITPR1,Stim48hr,0.322,8
SKIC8,Stim48hr,ITPR1,Stim48hr,0.409,1
SKIC8,Stim48hr,TM2D1,Stim48hr,0.3953,2
SKIC8,Stim48hr,ARFGEF2,Stim8hr,0.3849,3
SKIC8,Stim48hr,WAC,Stim8hr,0.375,4
SKIC8,Stim48hr,GABARAPL1,Rest,0.3743,5
SKIC8,Stim48hr,BPNT1,Rest,0.3727,6
SKIC8,Stim48hr,INSR,Rest,0.3708,7
SKIC8,Stim48hr,STARD3,Stim8hr,0.3622,8
ATF7IP2,Stim8hr,EIF1AX,Stim8hr,0.5644,1
ATF7IP2,Stim8hr,CD3E,Stim8hr,0.5628,2
ATF7IP2,Stim8hr,NCAPG2,Stim8hr,0.5572,3
ATF7IP2,Stim8hr,PLCG1,Stim8hr,0.5532,4
ATF7IP2,Stim8hr,LAT,Stim8hr,0.5467,5
ATF7IP2,Stim8hr,UBE2E2,Stim8hr,0.528,6
ATF7IP2,Stim8hr,ZAP70,Stim8hr,0.5224,7
ATF7IP2,Stim8hr,FZD6,Stim8hr,0.4642,8
SIN3B,Stim48hr,SKIC8,Stim48hr,0.1888,1
SIN3B,Stim48hr,STARD3,Stim8hr,0.1829,2
SIN3B,Stim48hr,SEC31A,Stim48hr,0.1796,3
SIN3B,Stim48hr,LEPROTL1,Stim8hr,0.1697,4
SIN3B,Stim48hr,KHDRBS1,Stim8hr,0.154,5
SIN3B,Stim48hr,SCLY,Rest,0.1466,6
SIN3B,Stim48hr,ATF4,Stim8hr,0.1441,7
SIN3B,Stim48hr,LSP1,Stim8hr,0.1382,8
MTA2,Stim8hr,PRKAR1A,Stim8hr,0.3267,1
MTA2,Stim8hr,ATP2A2,Rest,0.2699,2
MTA2,Stim8hr,EIF4G1,Stim8hr,0.2286,3
MTA2,Stim8hr,ATAD5,Rest,0.2181,4
MTA2,Stim8hr,TAF13,Stim8hr,0.2158,5
MTA2,Stim8hr,MRC2,Stim48hr,0.1925,6
MTA2,Stim8hr,IL12RB2,Stim8hr,0.1893,7
MTA2,Stim8hr,NCAPG2,Stim8hr,0.178,8
PDSS2,Stim8hr,COX6C,Stim8hr,0.7459,1
PDSS2,Stim8hr,HCCS,Stim8hr,0.6776,2
PDSS2,Stim8hr,ATF4,Stim8hr,0.5339,3
PDSS2,Stim8hr,PPIH,Stim8hr,0.4603,4
PDSS2,Stim8hr,KHDRBS1,Stim8hr,0.4537,5
PDSS2,Stim8hr,PRKAR1A,Stim8hr,0.4333,6
PDSS2,Stim8hr,STARD3,Stim8hr,0.3947,7
PDSS2,Stim8hr,CPSF6,Stim8hr,0.3899,8
CHD7,Stim8hr,TADA2B,Stim8hr,0.8723,1
CHD7,Stim8hr,SUPT20H,Stim8hr,0.841,2
CHD7,Stim8hr,TAF6L,Stim8hr,0.831,3
CHD7,Stim8hr,TADA1,Stim8hr,0.8065,4
CHD7,Stim8hr,SUPT7L,Stim8hr,0.7862,5
CHD7,Stim8hr,TSPYL5,Stim8hr,0.7707,6
CHD7,Stim8hr,MED12,Stim8hr,0.7162,7
CHD7,Stim8hr,MED19,Stim8hr,0.6583,8
KIFAP3,Rest,DHX36,Rest,0.6408,1
KIFAP3,Rest,UBR5,Stim8hr,0.2159,2
KIFAP3,Rest,RHOA,Stim48hr,0.2124,3
KIFAP3,Rest,LARP4,Stim48hr,0.1943,4
KIFAP3,Rest,FH,Rest,0.1909,5
KIFAP3,Rest,ATP2A2,Rest,0.1728,6
KIFAP3,Rest,STRAP,Rest,0.1656,7
KIFAP3,Rest,PTEN,Rest,0.1614,8
SMG7,Stim8hr,SMG1,Stim8hr,0.7759,1
SMG7,Stim8hr,CASC3,Stim8hr,0.4812,2
SMG7,Stim8hr,EGR2,Stim8hr,0.218,3
SMG7,Stim8hr,SLC35B1,Stim8hr,0.1563,4
SMG7,Stim8hr,STRAP,Rest,0.1547,5
SMG7,Stim8hr,ELAVL1,Stim8hr,0.1203,6
SMG7,Stim8hr,HDGF,Stim48hr,0.1181,7
SMG7,Stim8hr,DDX19B,Stim8hr,0.1154,8
UBR5,Stim8hr,PDSS2,Stim8hr,0.3429,1
UBR5,Stim8hr,ATF4,Stim8hr,0.3371,2
UBR5,Stim8hr,EIF4G1,Stim8hr,0.3288,3
UBR5,Stim8hr,RHOA,Stim48hr,0.3148,4
UBR5,Stim8hr,PRKAR1A,Stim8hr,0.3145,5
UBR5,Stim8hr,CD53,Stim8hr,0.3038,6
UBR5,Stim8hr,TXNL4B,Stim8hr,0.2863,7
UBR5,Stim8hr,CPSF6,Stim8hr,0.2759,8
MED24,Stim8hr,MED23,Stim8hr,0.4193,1
MED24,Stim8hr,POGLUT3,Stim8hr,0.379,2
MED24,Stim8hr,MED1,Stim8hr,0.3587,3
MED24,Stim8hr,BTAF1,Stim8hr,0.3187,4
MED24,Stim8hr,IL12RB2,Stim8hr,0.273,5
MED24,Stim8hr,MED19,Stim8hr,0.2465,6
MED24,Stim8hr,KHDRBS1,Stim8hr,0.2084,7
MED24,Stim8hr,ATF4,Stim8hr,0.2045,8
DOLPP1,Stim8hr,MPI,Stim8hr,0.749,1
DOLPP1,Stim8hr,SLC35B1,Stim8hr,0.5883,2
DOLPP1,Stim8hr,USO1,Stim8hr,0.4807,3
DOLPP1,Stim8hr,LAT,Stim8hr,0.4461,4
DOLPP1,Stim8hr,ZAP70,Stim8hr,0.4335,5
DOLPP1,Stim8hr,CD3E,Stim8hr,0.4294,6
DOLPP1,Stim8hr,PLCG1,Stim8hr,0.3956,7
DOLPP1,Stim8hr,COG6,Stim8hr,0.3789,8
PTEN,Rest,KLF2,Rest,0.3946,1
PTEN,Rest,MYB,Rest,0.3356,2
PTEN,Rest,ATP2A2,Rest,0.2265,3
PTEN,Rest,RRAGA,Stim48hr,0.1919,4
PTEN,Rest,SETDB1,Rest,0.1789,5
PTEN,Rest,RPTOR,Stim8hr,0.1777,6
PTEN,Rest,FH,Rest,0.176,7
PTEN,Rest,LAMTOR2,Stim48hr,0.1747,8
INTS10,Stim48hr,GPI,Stim48hr,0.2052,1
INTS10,Stim48hr,RHOA,Stim48hr,0.1698,2
INTS10,Stim48hr,LAMTOR2,Stim48hr,0.1599,3
INTS10,Stim48hr,IL2RB,Stim48hr,0.1583,4
INTS10,Stim48hr,KDM1A,Stim48hr,0.1493,5
INTS10,Stim48hr,BTAF1,Stim8hr,0.1421,6
INTS10,Stim48hr,STAT3,Stim48hr,0.1284,7
INTS10,Stim48hr,ARNT,Stim48hr,0.1236,8
MED19,Stim8hr,MED12,Stim8hr,0.778,1
MED19,Stim8hr,POGLUT3,Stim8hr,0.7499,2
MED19,Stim8hr,SENP5,Stim8hr,0.7118,3
MED19,Stim8hr,TADA2B,Stim8hr,0.6879,4
MED19,Stim8hr,SUPT20H,Stim8hr,0.6776,5
MED19,Stim8hr,TAF6L,Stim8hr,0.6651,6
MED19,Stim8hr,CHD7,Stim8hr,0.6583,7
MED19,Stim8hr,SUPT7L,Stim8hr,0.6429,8
BTAF1,Stim8hr,TAF11,Stim8hr,0.383,1
BTAF1,Stim8hr,PDSS2,Stim8hr,0.3348,2
BTAF1,Stim8hr,MED24,Stim8hr,0.3187,3
BTAF1,Stim8hr,TAF13,Stim8hr,0.2907,4
BTAF1,Stim8hr,CPSF6,Stim8hr,0.264,5
BTAF1,Stim8hr,ATF4,Stim8hr,0.2613,6
BTAF1,Stim8hr,PPIH,Stim8hr,0.2537,7
BTAF1,Stim8hr,NIPSNAP3A,Stim8hr,0.2424,8
STAT3,Stim48hr,GPI,Stim48hr,0.4187,1
STAT3,Stim48hr,SOCS2,Stim48hr,0.3379,2
STAT3,Stim48hr,HNRNPUL2,Stim48hr,0.2704,3
STAT3,Stim48hr,SMIM3,Rest,0.2589,4
STAT3,Stim48hr,DUSP22,Stim48hr,0.2444,5
STAT3,Stim48hr,RRAGA,Stim48hr,0.2414,6
STAT3,Stim48hr,HAVCR2,Rest,0.2189,7
STAT3,Stim48hr,CCDC117,Rest,0.2149,8
USP7,Stim8hr,DENR,Stim8hr,0.2749,1
USP7,Stim8hr,TAF13,Stim8hr,0.2722,2
USP7,Stim8hr,TESPA1,Stim8hr,0.2647,3
USP7,Stim8hr,RHOA,Stim48hr,0.2567,4
USP7,Stim8hr,PRKAR1A,Stim8hr,0.253,5
USP7,Stim8hr,NCAPG2,Stim8hr,0.2525,6
USP7,Stim8hr,ATAD5,Rest,0.2311,7
USP7,Stim8hr,ATP2A2,Rest,0.2216,8
TAF11,Stim8hr,TAF13,Stim8hr,0.8138,1
TAF11,Stim8hr,BTAF1,Stim8hr,0.383,2
TAF11,Stim8hr,ATF4,Stim8hr,0.3591,3
TAF11,Stim8hr,PDSS2,Stim8hr,0.3522,4
TAF11,Stim8hr,KHDRBS1,Stim8hr,0.3495,5
TAF11,Stim8hr,EIF4G1,Stim8hr,0.3396,6
TAF11,Stim8hr,POGLUT3,Stim8hr,0.329,7
TAF11,Stim8hr,COX6C,Stim8hr,0.3033,8
CASC3,Stim8hr,SMG1,Stim8hr,0.5467,1
CASC3,Stim8hr,SMG7,Stim8hr,0.4812,2
CASC3,Stim8hr,ZNF649,Stim48hr,0.2117,3
CASC3,Stim8hr,ITPR1,Stim48hr,0.2051,4
CASC3,Stim8hr,DUSP22,Stim48hr,0.2009,5
CASC3,Stim8hr,DLG4,Rest,0.1884,6
CASC3,Stim8hr,HDGF,Stim48hr,0.1883,7
CASC3,Stim8hr,HNRNPUL2,Stim48hr,0.1847,8
NAA30,Stim8hr,UBE2L3,Stim8hr,0.3678,1
NAA30,Stim8hr,GLIPR2,Stim8hr,0.307,2
NAA30,Stim8hr,TRAF3,Stim8hr,0.2991,3
NAA30,Stim8hr,TESPA1,Stim8hr,0.2702,4
NAA30,Stim8hr,SENP5,Stim8hr,0.2571,5
NAA30,Stim8hr,ATAD5,Rest,0.2549,6
NAA30,Stim8hr,NCAPG2,Stim8hr,0.2497,7
NAA30,Stim8hr,TAF6L,Stim8hr,0.2319,8
STRAP,Rest,DHX36,Rest,0.2842,1
STRAP,Rest,HDGF,Stim48hr,0.2081,2
STRAP,Rest,EWSR1,Rest,0.1988,3
STRAP,Rest,EIF4G2,Stim8hr,0.1953,4
STRAP,Rest,YTHDF2,Stim48hr,0.191,5
STRAP,Rest,APAF1,Rest,0.1898,6
STRAP,Rest,CD53,Stim8hr,0.188,7
STRAP,Rest,ELAVL1,Stim8hr,0.1829,8
EHMT2,Rest,MOSPD1,Rest,0.2884,1
EHMT2,Rest,EWSR1,Rest,0.2604,2
EHMT2,Rest,MED15,Rest,0.1923,3
EHMT2,Rest,HAVCR2,Rest,0.172,4
EHMT2,Rest,LEO1,Rest,0.171,5
EHMT2,Rest,CCDC117,Rest,0.1666,6
EHMT2,Rest,SETDB1,Rest,0.164,7
EHMT2,Rest,KPTN,Stim8hr,0.1535,8
EWSR1,Rest,MOSPD1,Rest,0.3378,1
EWSR1,Rest,MED15,Rest,0.3188,2
EWSR1,Rest,DHX36,Rest,0.2623,3
EWSR1,Rest,FH,Rest,0.2613,4
EWSR1,Rest,EHMT2,Rest,0.2604,5
EWSR1,Rest,PMVK,Stim48hr,0.2361,6
EWSR1,Rest,MRC2,Stim48hr,0.2313,7
EWSR1,Rest,SETDB1,Rest,0.2176,8
MYB,Rest,AHR,Rest,0.3649,1
MYB,Rest,PTEN,Rest,0.3356,2
MYB,Rest,NCKAP1L,Rest,0.3252,3
MYB,Rest,ZMYM2,Rest,0.2866,4
MYB,Rest,UBXN1,Rest,0.2831,5
MYB,Rest,BPNT1,Rest,0.28,6
MYB,Rest,KLF2,Rest,0.2724,7
MYB,Rest,GABARAPL1,Rest,0.2575,8
BHLHE40,Stim8hr,ZNF649,Stim48hr,0.6476,1
BHLHE40,Stim8hr,ITPR1,Stim48hr,0.6111,2
BHLHE40,Stim8hr,PDCL,Stim48hr,0.6071,3
BHLHE40,Stim8hr,ARFGEF2,Stim8hr,0.5949,4
BHLHE40,Stim8hr,ARRDC1,Rest,0.5863,5
BHLHE40,Stim8hr,TM2D1,Stim48hr,0.5628,6
BHLHE40,Stim8hr,CRTC3,Stim8hr,0.5612,7
BHLHE40,Stim8hr,EGR2,Stim8hr,0.5495,8
HCCS,Stim8hr,PDSS2,Stim8hr,0.6776,1
HCCS,Stim8hr,COX6C,Stim8hr,0.6133,2
HCCS,Stim8hr,PRKAR1A,Stim8hr,0.3503,3
HCCS,Stim8hr,ATF4,Stim8hr,0.3207,4
HCCS,Stim8hr,RTRAF,Stim8hr,0.3016,5
HCCS,Stim8hr,CPSF6,Stim8hr,0.2776,6
HCCS,Stim8hr,PPIH,Stim8hr,0.2605,7
HCCS,Stim8hr,EIF4G1,Stim8hr,0.2535,8
RTRAF,Stim8hr,DDX1,Stim8hr,0.7996,1
RTRAF,Stim8hr,ELP1,Stim8hr,0.5404,2
RTRAF,Stim8hr,SLC35B1,Stim8hr,0.4659,3
RTRAF,Stim8hr,MPI,Stim8hr,0.3951,4
RTRAF,Stim8hr,ATF4,Stim8hr,0.3669,5
RTRAF,Stim8hr,EIF4G1,Stim8hr,0.3652,6
RTRAF,Stim8hr,PDSS2,Stim8hr,0.3323,7
RTRAF,Stim8hr,PRKAR1A,Stim8hr,0.3262,8
STIP1,Stim48hr,SGF29,Stim48hr,0.4825,1
STIP1,Stim48hr,CCNC,Stim48hr,0.3184,2
STIP1,Stim48hr,IL2RB,Stim48hr,0.2807,3
STIP1,Stim48hr,SIK3,Stim48hr,0.2638,4
STIP1,Stim48hr,AHR,Rest,0.2595,5
STIP1,Stim48hr,DOP1B,Stim48hr,0.2266,6
STIP1,Stim48hr,GATA3,Stim48hr,0.2194,7
STIP1,Stim48hr,ARNT,Stim48hr,0.2147,8
BRPF1,Stim8hr,ATXN7L3,Stim8hr,0.2937,1
BRPF1,Stim8hr,USP22,Stim8hr,0.2275,2
BRPF1,Stim8hr,KPTN,Stim8hr,0.2067,3
BRPF1,Stim8hr,TMBIM4,Stim8hr,0.2002,4
BRPF1,Stim8hr,FZD6,Stim8hr,0.1444,5
BRPF1,Stim8hr,CHD7,Stim8hr,0.1381,6
BRPF1,Stim8hr,LARP4,Stim48hr,0.1372,7
BRPF1,Stim8hr,GPI,Stim48hr,0.1306,8
PDCL,Stim48hr,ZNF649,Stim48hr,0.6646,1
PDCL,Stim48hr,DOP1B,Stim48hr,0.6608,2
PDCL,Stim48hr,ITPR1,Stim48hr,0.6434,3
PDCL,Stim48hr,BHLHE40,Stim8hr,0.6071,4
PDCL,Stim48hr,ARRDC1,Rest,0.597,5
PDCL,Stim48hr,TAOK2,Rest,0.5751,6
PDCL,Stim48hr,PIK3C2A,Stim48hr,0.5634,7
PDCL,Stim48hr,MAGI3,Stim48hr,0.5623,8
NCOR1,Stim48hr,NEU1,Stim48hr,0.2801,1
NCOR1,Stim48hr,RRAGA,Stim48hr,0.2776,2
NCOR1,Stim48hr,MBOAT7,Stim48hr,0.2513,3
NCOR1,Stim48hr,CCDC117,Rest,0.2217,4
NCOR1,Stim48hr,ERCC4,Stim48hr,0.2178,5
NCOR1,Stim48hr,ELAVL1,Stim8hr,0.2171,6
NCOR1,Stim48hr,RILPL2,Stim48hr,0.2169,7
NCOR1,Stim48hr,MTR,Stim8hr,0.2105,8
GATA3,Stim48hr,ZNF649,Stim48hr,0.4057,1
GATA3,Stim48hr,IL2RB,Stim48hr,0.3744,2
GATA3,Stim48hr,BHLHE40,Stim8hr,0.3612,3
GATA3,Stim48hr,PDCL,Stim48hr,0.361,4
GATA3,Stim48hr,SGF29,Stim48hr,0.3442,5
GATA3,Stim48hr,DOP1B,Stim48hr,0.3383,6
GATA3,Stim48hr,INSR,Rest,0.3199,7
GATA3,Stim48hr,TAOK2,Rest,0.3098,8
NCAPG2,Stim8hr,EIF1AX,Stim8hr,0.7418,1
NCAPG2,Stim8hr,CD3E,Stim8hr,0.5799,2
NCAPG2,Stim8hr,PLCG1,Stim8hr,0.5759,3
NCAPG2,Stim8hr,ZAP70,Stim8hr,0.5587,4
NCAPG2,Stim8hr,ATF7IP2,Stim8hr,0.5572,5
NCAPG2,Stim8hr,LAT,Stim8hr,0.5568,6
NCAPG2,Stim8hr,MED19,Stim8hr,0.5488,7
NCAPG2,Stim8hr,TESPA1,Stim8hr,0.521,8
PRKAR1A,Stim8hr,PDSS2,Stim8hr,0.4333,1
PRKAR1A,Stim8hr,ATF4,Stim8hr,0.3903,2
PRKAR1A,Stim8hr,CPSF6,Stim8hr,0.3858,3
PRKAR1A,Stim8hr,COX6C,Stim8hr,0.3833,4
PRKAR1A,Stim8hr,EIF4G1,Stim8hr,0.3722,5
PRKAR1A,Stim8hr,HCCS,Stim8hr,0.3503,6
PRKAR1A,Stim8hr,MTA2,Stim8hr,0.3267,7
PRKAR1A,Stim8hr,RTRAF,Stim8hr,0.3262,8
TRAF3,Stim8hr,NAA30,Stim8hr,0.2991,1
TRAF3,Stim8hr,RPTOR,Stim8hr,0.2813,2
TRAF3,Stim8hr,TESPA1,Stim8hr,0.2636,3
TRAF3,Stim8hr,EIF1AX,Stim8hr,0.2159,4
TRAF3,Stim8hr,ATAD5,Rest,0.1764,5
TRAF3,Stim8hr,NCKAP1L,Rest,0.1629,6
TRAF3,Stim8hr,HCCS,Stim8hr,0.1626,7
TRAF3,Stim8hr,PRKAR1A,Stim8hr,0.1535,8
PAXIP1,Stim48hr,DOP1B,Stim48hr,0.5613,1
PAXIP1,Stim48hr,CCNC,Stim48hr,0.484,2
PAXIP1,Stim48hr,PPM1L,Rest,0.482,3
PAXIP1,Stim48hr,ITPR1,Stim48hr,0.4794,4
PAXIP1,Stim48hr,TM2D1,Stim48hr,0.4669,5
PAXIP1,Stim48hr,PDCL,Stim48hr,0.4639,6
PAXIP1,Stim48hr,ZNF649,Stim48hr,0.4628,7
PAXIP1,Stim48hr,TAOK2,Rest,0.4555,8
NCKAP1L,Rest,UBXN1,Rest,0.8254,1
NCKAP1L,Rest,DYNC2H1,Rest,0.8028,2
NCKAP1L,Rest,ZMYM2,Rest,0.7985,3
NCKAP1L,Rest,PPM1L,Rest,0.7574,4
NCKAP1L,Rest,GABARAPL1,Rest,0.7388,5
NCKAP1L,Rest,BPNT1,Rest,0.7293,6
NCKAP1L,Rest,DLG4,Rest,0.7007,7
NCKAP1L,Rest,INSR,Rest,0.6777,8
DOP1B,Stim48hr,TM2D1,Stim48hr,0.7107,1
DOP1B,Stim48hr,ZNF649,Stim48hr,0.6951,2
DOP1B,Stim48hr,PDCL,Stim48hr,0.6608,3
DOP1B,Stim48hr,ITPR1,Stim48hr,0.6594,4
DOP1B,Stim48hr,PPM1L,Rest,0.6049,5
DOP1B,Stim48hr,BPNT1,Rest,0.5975,6
DOP1B,Stim48hr,TAOK2,Rest,0.5936,7
DOP1B,Stim48hr,MAGI3,Stim48hr,0.5935,8
POGLUT3,Stim8hr,MED19,Stim8hr,0.7499,1
POGLUT3,Stim8hr,MED1,Stim8hr,0.666,2
POGLUT3,Stim8hr,MED12,Stim8hr,0.6482,3
POGLUT3,Stim8hr,SENP5,Stim8hr,0.509,4
POGLUT3,Stim8hr,SUPT20H,Stim8hr,0.5014,5
POGLUT3,Stim8hr,SUPT7L,Stim8hr,0.4989,6
POGLUT3,Stim8hr,TADA2B,Stim8hr,0.4864,7
POGLUT3,Stim8hr,CHD7,Stim8hr,0.4773,8
ZAP70,Stim8hr,LAT,Stim8hr,0.9541,1
ZAP70,Stim8hr,CD3E,Stim8hr,0.9517,2
ZAP70,Stim8hr,PLCG1,Stim8hr,0.9495,3
ZAP70,Stim8hr,LCK,Stim8hr,0.8408,4
ZAP70,Stim8hr,PGGT1B,Stim8hr,0.8294,5
ZAP70,Stim8hr,FZD6,Stim8hr,0.801,6
ZAP70,Stim8hr,UBE2E2,Stim8hr,0.7525,7
ZAP70,Stim8hr,EFR3A,Stim8hr,0.5806,8
TFAM,Stim48hr,MIPEP,Stim48hr,0.8208,1
TFAM,Stim48hr,TWNK,Stim48hr,0.7303,2
TFAM,Stim48hr,OXA1L,Stim48hr,0.6889,3
TFAM,Stim48hr,ATP5PO,Stim48hr,0.6325,4
TFAM,Stim48hr,PMVK,Stim48hr,0.5988,5
TFAM,Stim48hr,RBM10,Stim48hr,0.479,6
TFAM,Stim48hr,ACTR2,Stim48hr,0.4554,7
TFAM,Stim48hr,MRC2,Stim48hr,0.4209,8
LCK,Stim8hr,PLCG1,Stim8hr,0.8674,1
LCK,Stim8hr,LAT,Stim8hr,0.8591,2
LCK,Stim8hr,CD3E,Stim8hr,0.8545,3
LCK,Stim8hr,ZAP70,Stim8hr,0.8408,4
LCK,Stim8hr,PGGT1B,Stim8hr,0.795,5
LCK,Stim8hr,FZD6,Stim8hr,0.7843,6
LCK,Stim8hr,UBE2E2,Stim8hr,0.6912,7
LCK,Stim8hr,EFR3A,Stim8hr,0.5788,8
ATXN7L3,Stim8hr,USP22,Stim8hr,0.6115,1
ATXN7L3,Stim8hr,BRPF1,Stim8hr,0.2937,2
ATXN7L3,Stim8hr,PGGT1B,Stim8hr,0.2597,3
ATXN7L3,Stim8hr,PLCG1,Stim8hr,0.2528,4
ATXN7L3,Stim8hr,EFR3A,Stim8hr,0.2409,5
ATXN7L3,Stim8hr,ZAP70,Stim8hr,0.2294,6
ATXN7L3,Stim8hr,UBE2E2,Stim8hr,0.2287,7
ATXN7L3,Stim8hr,NCAPG2,Stim8hr,0.2278,8
EIF4G1,Stim8hr,ATF4,Stim8hr,0.5719,1
EIF4G1,Stim8hr,UFM1,Stim8hr,0.3827,2
EIF4G1,Stim8hr,PDSS2,Stim8hr,0.3826,3
EIF4G1,Stim8hr,PRKAR1A,Stim8hr,0.3722,4
EIF4G1,Stim8hr,RTRAF,Stim8hr,0.3652,5
EIF4G1,Stim8hr,TAF11,Stim8hr,0.3396,6
EIF4G1,Stim8hr,UBR5,Stim8hr,0.3288,7
EIF4G1,Stim8hr,TXNL4B,Stim8hr,0.3097,8
SIK3,Stim48hr,RRAGA,Stim48hr,0.5185,1
SIK3,Stim48hr,CLCC1,Stim48hr,0.5106,2
SIK3,Stim48hr,GPI,Stim48hr,0.4659,3
SIK3,Stim48hr,LAMTOR2,Stim48hr,0.4272,4
SIK3,Stim48hr,PKN3,Stim48hr,0.3988,5
SIK3,Stim48hr,ERCC4,Stim48hr,0.3733,6
SIK3,Stim48hr,CD3E,Stim8hr,0.3706,7
SIK3,Stim48hr,LAT,Stim8hr,0.3616,8
GPI,Stim48hr,RRAGA,Stim48hr,0.474,1
GPI,Stim48hr,SIK3,Stim48hr,0.4659,2
GPI,Stim48hr,STAT3,Stim48hr,0.4187,3
GPI,Stim48hr,LAMTOR2,Stim48hr,0.3854,4
GPI,Stim48hr,CLCC1,Stim48hr,0.2895,5
GPI,Stim48hr,KDM1A,Stim48hr,0.2612,6
GPI,Stim48hr,ELOF1,Stim48hr,0.2401,7
GPI,Stim48hr,ERCC4,Stim48hr,0.2218,8
CLCC1,Stim48hr,SIK3,Stim48hr,0.5106,1
CLCC1,Stim48hr,CD3E,Stim8hr,0.4945,2
CLCC1,Stim48hr,PLCG1,Stim8hr,0.4662,3
CLCC1,Stim48hr,LAT,Stim8hr,0.4645,4
CLCC1,Stim48hr,RRAGA,Stim48hr,0.4519,5
CLCC1,Stim48hr,PKN3,Stim48hr,0.4464,6
CLCC1,Stim48hr,ZAP70,Stim8hr,0.434,7
CLCC1,Stim48hr,NCAPG2,Stim8hr,0.4255,8
TP53INP2,Stim48hr,ARNT,Stim48hr,0.8543,1
TP53INP2,Stim48hr,AHR,Rest,0.3112,2
TP53INP2,Stim48hr,STIP1,Stim48hr,0.2029,3
TP53INP2,Stim48hr,DOP1B,Stim48hr,0.1688,4
TP53INP2,Stim48hr,PDCL,Stim48hr,0.1678,5
TP53INP2,Stim48hr,CFAP298,Stim8hr,0.1437,6
TP53INP2,Stim48hr,MAGI3,Stim48hr,0.1428,7
TP53INP2,Stim48hr,CCNC,Stim48hr,0.1385,8
COX6C,Stim8hr,PDSS2,Stim8hr,0.7459,1
COX6C,Stim8hr,HCCS,Stim8hr,0.6133,2
COX6C,Stim8hr,ATF4,Stim8hr,0.4749,3
COX6C,Stim8hr,KHDRBS1,Stim8hr,0.4479,4
COX6C,Stim8hr,PPIH,Stim8hr,0.414,5
COX6C,Stim8hr,CPSF6,Stim8hr,0.4135,6
COX6C,Stim8hr,CFAP298,Stim8hr,0.4095,7
COX6C,Stim8hr,PRKAR1A,Stim8hr,0.3833,8
COG6,Stim8hr,EIF1AX,Stim8hr,0.4187,1
COG6,Stim8hr,NCAPG2,Stim8hr,0.3987,2
COG6,Stim8hr,LAT,Stim8hr,0.398,3
COG6,Stim8hr,CD3E,Stim8hr,0.393,4
COG6,Stim8hr,DOLPP1,Stim8hr,0.3789,5
COG6,Stim8hr,ZAP70,Stim8hr,0.3773,6
COG6,Stim8hr,PLCG1,Stim8hr,0.3627,7
COG6,Stim8hr,FZD6,Stim8hr,0.3351,8
CFAP298,Stim8hr,UBXN1,Rest,0.5141,1
CFAP298,Stim8hr,PPIH,Stim8hr,0.5038,2
CFAP298,Stim8hr,STARD3,Stim8hr,0.4955,3
CFAP298,Stim8hr,CPSF6,Stim8hr,0.4597,4
CFAP298,Stim8hr,ARRDC1,Rest,0.4536,5
CFAP298,Stim8hr,ZMYM2,Rest,0.4519,6
CFAP298,Stim8hr,KHDRBS1,Stim8hr,0.4482,7
CFAP298,Stim8hr,ZNF649,Stim48hr,0.4442,8
LAMTOR2,Stim48hr,RRAGA,Stim48hr,0.7987,1
LAMTOR2,Stim48hr,SIK3,Stim48hr,0.4272,2
LAMTOR2,Stim48hr,CLCC1,Stim48hr,0.4174,3
LAMTOR2,Stim48hr,GPI,Stim48hr,0.3854,4
LAMTOR2,Stim48hr,ACTR2,Stim48hr,0.3558,5
LAMTOR2,Stim48hr,ERCC4,Stim48hr,0.3428,6
LAMTOR2,Stim48hr,CD3E,Stim8hr,0.3221,7
LAMTOR2,Stim48hr,RHOA,Stim48hr,0.3197,8
RPTOR,Stim8hr,LAMTOR2,Stim48hr,0.294,1
RPTOR,Stim8hr,TRAF3,Stim8hr,0.2813,2
RPTOR,Stim8hr,RRAGA,Stim48hr,0.2426,3
RPTOR,Stim8hr,UBR5,Stim8hr,0.2249,4
RPTOR,Stim8hr,NAA30,Stim8hr,0.2203,5
RPTOR,Stim8hr,PTEN,Rest,0.1777,6
RPTOR,Stim8hr,PRKAR1A,Stim8hr,0.1576,7
RPTOR,Stim8hr,ATP2A2,Rest,0.1531,8
UVRAG,Rest,DHX36,Rest,0.3451,1
UVRAG,Rest,MED15,Rest,0.2988,2
UVRAG,Rest,MRC2,Stim48hr,0.2695,3
UVRAG,Rest,SETDB1,Rest,0.2657,4
UVRAG,Rest,ATP2A2,Rest,0.2344,5
UVRAG,Rest,LEO1,Rest,0.2244,6
UVRAG,Rest,ACTR2,Stim48hr,0.2084,7
UVRAG,Rest,TFAM,Stim48hr,0.203,8
EIF1AX,Stim8hr,NCAPG2,Stim8hr,0.7418,1
EIF1AX,Stim8hr,ATF7IP2,Stim8hr,0.5644,2
EIF1AX,Stim8hr,PARP14,Stim8hr,0.5626,3
EIF1AX,Stim8hr,CD3E,Stim8hr,0.5575,4
EIF1AX,Stim8hr,LAT,Stim8hr,0.5497,5
EIF1AX,Stim8hr,PLCG1,Stim8hr,0.5457,6
EIF1AX,Stim8hr,ZAP70,Stim8hr,0.5329,7
EIF1AX,Stim8hr,TAF6L,Stim8hr,0.5185,8
GLIPR2,Stim8hr,SENP5,Stim8hr,0.6341,1
GLIPR2,Stim8hr,UBE2L3,Stim8hr,0.6025,2
GLIPR2,Stim8hr,STX16,Stim8hr,0.5671,3
GLIPR2,Stim8hr,MED12,Stim8hr,0.5479,4
GLIPR2,Stim8hr,MED19,Stim8hr,0.5359,5
GLIPR2,Stim8hr,SUPT20H,Stim8hr,0.4574,6
GLIPR2,Stim8hr,TAF6L,Stim8hr,0.4477,7
GLIPR2,Stim8hr,TADA2B,Stim8hr,0.4453,8
TM2D1,Stim48hr,ZNF649,Stim48hr,0.7134,1
TM2D1,Stim48hr,DOP1B,Stim48hr,0.7107,2
TM2D1,Stim48hr,ITPR1,Stim48hr,0.7019,3
TM2D1,Stim48hr,TAOK2,Rest,0.6526,4
TM2D1,Stim48hr,BPNT1,Rest,0.6488,5
TM2D1,Stim48hr,PPM1L,Rest,0.6279,6
TM2D1,Stim48hr,INSR,Rest,0.6227,7
TM2D1,Stim48hr,ARRDC1,Rest,0.6205,8
ERCC4,Stim48hr,RHOA,Stim48hr,0.4155,1
ERCC4,Stim48hr,SIK3,Stim48hr,0.3733,2
ERCC4,Stim48hr,MRC2,Stim48hr,0.3456,3
ERCC4,Stim48hr,LAMTOR2,Stim48hr,0.3428,4
ERCC4,Stim48hr,RRAGA,Stim48hr,0.3074,5
ERCC4,Stim48hr,MIPEP,Stim48hr,0.2948,6
ERCC4,Stim48hr,CLCC1,Stim48hr,0.2896,7
ERCC4,Stim48hr,PMVK,Stim48hr,0.2836,8
INSR,Rest,DLG4,Rest,0.7953,1
INSR,Rest,ZMYM2,Rest,0.789,2
INSR,Rest,GABARAPL1,Rest,0.7821,3
INSR,Rest,UBXN1,Rest,0.7769,4
INSR,Rest,PPM1L,Rest,0.768,5
INSR,Rest,DYNC2H1,Rest,0.7491,6
INSR,Rest,ARRDC1,Rest,0.7394,7
INSR,Rest,BPNT1,Rest,0.7366,8
USO1,Stim8hr,MPI,Stim8hr,0.5282,1
USO1,Stim8hr,DOLPP1,Stim8hr,0.4807,2
USO1,Stim8hr,SLC35B1,Stim8hr,0.4675,3
USO1,Stim8hr,COG6,Stim8hr,0.3125,4
USO1,Stim8hr,CREBBP,Stim8hr,0.2674,5
USO1,Stim8hr,CD3E,Stim8hr,0.2291,6
USO1,Stim8hr,LAT,Stim8hr,0.2281,7
USO1,Stim8hr,ZAP70,Stim8hr,0.2208,8
MIPEP,Stim48hr,TFAM,Stim48hr,0.8208,1
MIPEP,Stim48hr,OXA1L,Stim48hr,0.6887,2
MIPEP,Stim48hr,TWNK,Stim48hr,0.6843,3
MIPEP,Stim48hr,ATP5PO,Stim48hr,0.6461,4
MIPEP,Stim48hr,PMVK,Stim48hr,0.6025,5
MIPEP,Stim48hr,RBM10,Stim48hr,0.5428,6
MIPEP,Stim48hr,ACTR2,Stim48hr,0.4329,7
MIPEP,Stim48hr,ACLY,Stim48hr,0.4055,8
PGGT1B,Stim8hr,PLCG1,Stim8hr,0.847,1
PGGT1B,Stim8hr,LAT,Stim8hr,0.8366,2
PGGT1B,Stim8hr,CD3E,Stim8hr,0.8323,3
PGGT1B,Stim8hr,ZAP70,Stim8hr,0.8294,4
PGGT1B,Stim8hr,LCK,Stim8hr,0.795,5
PGGT1B,Stim8hr,FZD6,Stim8hr,0.7184,6
PGGT1B,Stim8hr,UBE2E2,Stim8hr,0.6788,7
PGGT1B,Stim8hr,EFR3A,Stim8hr,0.6747,8
TSPYL5,Stim8hr,TAF6L,Stim8hr,0.8574,1
TSPYL5,Stim8hr,TADA1,Stim8hr,0.8573,2
TSPYL5,Stim8hr,SUPT20H,Stim8hr,0.8566,3
TSPYL5,Stim8hr,TADA2B,Stim8hr,0.854,4
TSPYL5,Stim8hr,SUPT7L,Stim8hr,0.8029,5
TSPYL5,Stim8hr,CHD7,Stim8hr,0.7707,6
TSPYL5,Stim8hr,MED12,Stim8hr,0.6793,7
TSPYL5,Stim8hr,SENP5,Stim8hr,0.64,8
STX16,Stim8hr,SENP5,Stim8hr,0.6772,1
STX16,Stim8hr,MED12,Stim8hr,0.6212,2
STX16,Stim8hr,TADA2B,Stim8hr,0.6184,3
STX16,Stim8hr,TAF6L,Stim8hr,0.5912,4
STX16,Stim8hr,SUPT20H,Stim8hr,0.5759,5
STX16,Stim8hr,UBE2L3,Stim8hr,0.5698,6
STX16,Stim8hr,GLIPR2,Stim8hr,0.5671,7
STX16,Stim8hr,MED19,Stim8hr,0.56,8
FH,Rest,EWSR1,Rest,0.2613,1
FH,Rest,MRC2,Stim48hr,0.2533,2
FH,Rest,RHOA,Stim48hr,0.2527,3
FH,Rest,TFAM,Stim48hr,0.2328,4
FH,Rest,ATP2A2,Rest,0.2299,5
FH,Rest,PRKAR1A,Stim8hr,0.2187,6
FH,Rest,MIPEP,Stim48hr,0.2166,7
FH,Rest,ERCC4,Stim48hr,0.213,8
TESPA1,Stim8hr,NCAPG2,Stim8hr,0.521,1
TESPA1,Stim8hr,EIF1AX,Stim8hr,0.4777,2
TESPA1,Stim8hr,MED19,Stim8hr,0.4373,3
TESPA1,Stim8hr,SENP5,Stim8hr,0.4275,4
TESPA1,Stim8hr,TAF6L,Stim8hr,0.4162,5
TESPA1,Stim8hr,ZAP70,Stim8hr,0.4135,6
TESPA1,Stim8hr,CD3E,Stim8hr,0.4034,7
TESPA1,Stim8hr,PLCG1,Stim8hr,0.3977,8
ZMYM2,Rest,UBXN1,Rest,0.8499,1
ZMYM2,Rest,DYNC2H1,Rest,0.8193,2
ZMYM2,Rest,GABARAPL1,Rest,0.8122,3
ZMYM2,Rest,NCKAP1L,Rest,0.7985,4
ZMYM2,Rest,PPM1L,Rest,0.7921,5
ZMYM2,Rest,INSR,Rest,0.789,6
ZMYM2,Rest,DLG4,Rest,0.784,7
ZMYM2,Rest,BPNT1,Rest,0.7761,8
MRC2,Stim48hr,PMVK,Stim48hr,0.4394,1
MRC2,Stim48hr,TFAM,Stim48hr,0.4209,2
MRC2,Stim48hr,RHOA,Stim48hr,0.4158,3
MRC2,Stim48hr,MIPEP,Stim48hr,0.3946,4
MRC2,Stim48hr,CLCC1,Stim48hr,0.3871,5
MRC2,Stim48hr,MED15,Rest,0.3652,6
MRC2,Stim48hr,OXA1L,Stim48hr,0.3518,7
MRC2,Stim48hr,ERCC4,Stim48hr,0.3456,8
SLC35B1,Stim8hr,MPI,Stim8hr,0.7919,1
SLC35B1,Stim8hr,DOLPP1,Stim8hr,0.5883,2
SLC35B1,Stim8hr,USO1,Stim8hr,0.4675,3
SLC35B1,Stim8hr,RTRAF,Stim8hr,0.4659,4
SLC35B1,Stim8hr,DDX1,Stim8hr,0.4078,5
SLC35B1,Stim8hr,UFM1,Stim8hr,0.2901,6
SLC35B1,Stim8hr,ELP1,Stim8hr,0.2535,7
SLC35B1,Stim8hr,COG6,Stim8hr,0.2117,8
MPI,Stim8hr,SLC35B1,Stim8hr,0.7919,1
MPI,Stim8hr,DOLPP1,Stim8hr,0.749,2
MPI,Stim8hr,USO1,Stim8hr,0.5282,3
MPI,Stim8hr,RTRAF,Stim8hr,0.3951,4
MPI,Stim8hr,DDX1,Stim8hr,0.3678,5
MPI,Stim8hr,COG6,Stim8hr,0.3321,6
MPI,Stim8hr,UFM1,Stim8hr,0.2329,7
MPI,Stim8hr,OXA1L,Stim48hr,0.2306,8
RRAGA,Stim48hr,LAMTOR2,Stim48hr,0.7987,1
RRAGA,Stim48hr,SIK3,Stim48hr,0.5185,2
RRAGA,Stim48hr,GPI,Stim48hr,0.474,3
RRAGA,Stim48hr,CLCC1,Stim48hr,0.4519,4
RRAGA,Stim48hr,PKN3,Stim48hr,0.3205,5
RRAGA,Stim48hr,CD3E,Stim8hr,0.3165,6
RRAGA,Stim48hr,ERCC4,Stim48hr,0.3074,7
RRAGA,Stim48hr,LAT,Stim8hr,0.2991,8
PTPA,Stim48hr,ACTR2,Stim48hr,0.265,1
PTPA,Stim48hr,RPRD2,Stim48hr,0.252,2
PTPA,Stim48hr,TXNL4B,Stim8hr,0.2515,3
PTPA,Stim48hr,STARD3,Stim8hr,0.2438,4
PTPA,Stim48hr,PDSS2,Stim8hr,0.2429,5
PTPA,Stim48hr,YTHDF2,Stim48hr,0.2389,6
PTPA,Stim48hr,PRKAR1A,Stim8hr,0.2255,7
PTPA,Stim48hr,ATF4,Stim8hr,0.2248,8
DLG4,Rest,GABARAPL1,Rest,0.8028,1
DLG4,Rest,INSR,Rest,0.7953,2
DLG4,Rest,PPM1L,Rest,0.7931,3
DLG4,Rest,ZMYM2,Rest,0.784,4
DLG4,Rest,BPNT1,Rest,0.7834,5
DLG4,Rest,DYNC2H1,Rest,0.7753,6
DLG4,Rest,UBXN1,Rest,0.7678,7
DLG4,Rest,NCKAP1L,Rest,0.7007,8
PMVK,Stim48hr,MIPEP,Stim48hr,0.6025,1
PMVK,Stim48hr,TFAM,Stim48hr,0.5988,2
PMVK,Stim48hr,OXA1L,Stim48hr,0.5322,3
PMVK,Stim48hr,ACTR2,Stim48hr,0.505,4
PMVK,Stim48hr,TWNK,Stim48hr,0.4898,5
PMVK,Stim48hr,ATP5PO,Stim48hr,0.4752,6
PMVK,Stim48hr,PGGT1B,Stim8hr,0.4452,7
PMVK,Stim48hr,MRC2,Stim48hr,0.4394,8
RBM10,Stim48hr,MIPEP,Stim48hr,0.5428,1
RBM10,Stim48hr,ATP5PO,Stim48hr,0.542,2
RBM10,Stim48hr,TFAM,Stim48hr,0.479,3
RBM10,Stim48hr,OXA1L,Stim48hr,0.4721,4
RBM10,Stim48hr,TWNK,Stim48hr,0.4447,5
RBM10,Stim48hr,PMVK,Stim48hr,0.3465,6
RBM10,Stim48hr,CLCC1,Stim48hr,0.3244,7
RBM10,Stim48hr,PKN3,Stim48hr,0.2837,8
LAT,Stim8hr,CD3E,Stim8hr,0.9619,1
LAT,Stim8hr,PLCG1,Stim8hr,0.9601,2
LAT,Stim8hr,ZAP70,Stim8hr,0.9541,3
LAT,Stim8hr,LCK,Stim8hr,0.8591,4
LAT,Stim8hr,PGGT1B,Stim8hr,0.8366,5
LAT,Stim8hr,FZD6,Stim8hr,0.8116,6
LAT,Stim8hr,UBE2E2,Stim8hr,0.7826,7
LAT,Stim8hr,EFR3A,Stim8hr,0.605,8
FZD6,Stim8hr,PLCG1,Stim8hr,0.8336,1
FZD6,Stim8hr,CD3E,Stim8hr,0.8189,2
FZD6,Stim8hr,LAT,Stim8hr,0.8116,3
FZD6,Stim8hr,ZAP70,Stim8hr,0.801,4
FZD6,Stim8hr,LCK,Stim8hr,0.7843,5
FZD6,Stim8hr,UBE2E2,Stim8hr,0.741,6
FZD6,Stim8hr,PGGT1B,Stim8hr,0.7184,7
FZD6,Stim8hr,EFR3A,Stim8hr,0.5335,8
PARP14,Stim8hr,EIF1AX,Stim8hr,0.5626,1
PARP14,Stim8hr,DCAKD,Stim8hr,0.4558,2
PARP14,Stim8hr,UBE2E2,Stim8hr,0.4263,3
PARP14,Stim8hr,NCAPG2,Stim8hr,0.3938,4
PARP14,Stim8hr,CREBBP,Stim8hr,0.385,5
PARP14,Stim8hr,FZD6,Stim8hr,0.3634,6
PARP14,Stim8hr,ZNF891,Stim8hr,0.3435,7
PARP14,Stim8hr,LAT,Stim8hr,0.338,8
PPIH,Stim8hr,STARD3,Stim8hr,0.504,1
PPIH,Stim8hr,CFAP298,Stim8hr,0.5038,2
PPIH,Stim8hr,TXNL4B,Stim8hr,0.486,3
PPIH,Stim8hr,PDSS2,Stim8hr,0.4603,4
PPIH,Stim8hr,ARFGEF2,Stim8hr,0.4528,5
PPIH,Stim8hr,ATF4,Stim8hr,0.452,6
PPIH,Stim8hr,KHDRBS1,Stim8hr,0.4416,7
PPIH,Stim8hr,CPSF6,Stim8hr,0.4402,8
MED23,Stim8hr,MED24,Stim8hr,0.4193,1
MED23,Stim8hr,EGR2,Stim8hr,0.4059,2
MED23,Stim8hr,FZD6,Stim8hr,0.19,3
MED23,Stim8hr,DHX36,Rest,0.179,4
MED23,Stim8hr,LCK,Stim8hr,0.1697,5
MED23,Stim8hr,COG6,Stim8hr,0.1608,6
MED23,Stim8hr,MOSPD1,Rest,0.157,7
MED23,Stim8hr,POGLUT3,Stim8hr,0.1559,8
DDX1,Stim8hr,RTRAF,Stim8hr,0.7996,1
DDX1,Stim8hr,ELP1,Stim8hr,0.5136,2
DDX1,Stim8hr,SLC35B1,Stim8hr,0.4078,3
DDX1,Stim8hr,MPI,Stim8hr,0.3678,4
DDX1,Stim8hr,HCCS,Stim8hr,0.2494,5
DDX1,Stim8hr,ATF4,Stim8hr,0.244,6
DDX1,Stim8hr,EIF4G1,Stim8hr,0.2329,7
DDX1,Stim8hr,TXNL4B,Stim8hr,0.2198,8
RHOA,Stim48hr,MRC2,Stim48hr,0.4158,1
RHOA,Stim48hr,ERCC4,Stim48hr,0.4155,2
RHOA,Stim48hr,CLCC1,Stim48hr,0.3322,3
RHOA,Stim48hr,ATP2A2,Rest,0.3257,4
RHOA,Stim48hr,LAMTOR2,Stim48hr,0.3197,5
RHOA,Stim48hr,UBR5,Stim8hr,0.3148,6
RHOA,Stim48hr,ACTR2,Stim48hr,0.3075,7
RHOA,Stim48hr,TFAM,Stim48hr,0.3033,8
NELFCD,Stim8hr,KHDRBS1,Stim8hr,0.3508,1
NELFCD,Stim8hr,TAF11,Stim8hr,0.2985,2
NELFCD,Stim8hr,SKIC8,Stim48hr,0.2974,3
NELFCD,Stim8hr,ATF4,Stim8hr,0.2963,4
NELFCD,Stim8hr,COX6C,Stim8hr,0.2636,5
NELFCD,Stim8hr,PDSS2,Stim8hr,0.2541,6
NELFCD,Stim8hr,CPSF6,Stim8hr,0.224,7
NELFCD,Stim8hr,CD53,Stim8hr,0.219,8
MED1,Stim8hr,POGLUT3,Stim8hr,0.666,1
MED1,Stim8hr,MED19,Stim8hr,0.4597,2
MED1,Stim8hr,MED12,Stim8hr,0.4113,3
MED1,Stim8hr,MED24,Stim8hr,0.3587,4
MED1,Stim8hr,GLIPR2,Stim8hr,0.3283,5
MED1,Stim8hr,SUPT7L,Stim8hr,0.3123,6
MED1,Stim8hr,SENP5,Stim8hr,0.3001,7
MED1,Stim8hr,TSPYL5,Stim8hr,0.292,8
ACTR2,Stim48hr,PMVK,Stim48hr,0.505,1
ACTR2,Stim48hr,TFAM,Stim48hr,0.4554,2
ACTR2,Stim48hr,MIPEP,Stim48hr,0.4329,3
ACTR2,Stim48hr,TWNK,Stim48hr,0.4127,4
ACTR2,Stim48hr,ATP5PO,Stim48hr,0.3899,5
ACTR2,Stim48hr,OXA1L,Stim48hr,0.3749,6
ACTR2,Stim48hr,LAMTOR2,Stim48hr,0.3558,7
ACTR2,Stim48hr,MRC2,Stim48hr,0.343,8
OXA1L,Stim48hr,TFAM,Stim48hr,0.6889,1
OXA1L,Stim48hr,MIPEP,Stim48hr,0.6887,2
OXA1L,Stim48hr,ATP5PO,Stim48hr,0.6591,3
OXA1L,Stim48hr,TWNK,Stim48hr,0.6146,4
OXA1L,Stim48hr,PMVK,Stim48hr,0.5322,5
OXA1L,Stim48hr,RBM10,Stim48hr,0.4721,6
OXA1L,Stim48hr,ACTR2,Stim48hr,0.3749,7
OXA1L,Stim48hr,MRC2,Stim48hr,0.3518,8
ATP5PO,Stim48hr,OXA1L,Stim48hr,0.6591,1
ATP5PO,Stim48hr,MIPEP,Stim48hr,0.6461,2
ATP5PO,Stim48hr,TWNK,Stim48hr,0.6343,3
ATP5PO,Stim48hr,TFAM,Stim48hr,0.6325,4
ATP5PO,Stim48hr,RBM10,Stim48hr,0.542,5
ATP5PO,Stim48hr,PMVK,Stim48hr,0.4752,6
ATP5PO,Stim48hr,ACTR2,Stim48hr,0.3899,7
ATP5PO,Stim48hr,PKN3,Stim48hr,0.2903,8
IL2RB,Stim48hr,SGF29,Stim48hr,0.3847,1
IL2RB,Stim48hr,GATA3,Stim48hr,0.3744,2
IL2RB,Stim48hr,BHLHE40,Stim8hr,0.3312,3
IL2RB,Stim48hr,PDCL,Stim48hr,0.3182,4
IL2RB,Stim48hr,NSD1,Stim48hr,0.3079,5
IL2RB,Stim48hr,ZNF649,Stim48hr,0.3068,6
IL2RB,Stim48hr,PAXIP1,Stim48hr,0.293,7
IL2RB,Stim48hr,DOP1B,Stim48hr,0.2924,8
KLF2,Rest,PTEN,Rest,0.3946,1
KLF2,Rest,MYB,Rest,0.2724,2
KLF2,Rest,SMARCB1,Rest,0.2407,3
KLF2,Rest,SMARCE1,Stim8hr,0.2105,4
KLF2,Rest,ATP2A2,Rest,0.186,5
KLF2,Rest,BHLHE40,Stim8hr,0.1326,6
KLF2,Rest,EGR2,Stim8hr,0.1274,7
KLF2,Rest,SMAD2,Stim8hr,0.127,8
TWNK,Stim48hr,TFAM,Stim48hr,0.7303,1
TWNK,Stim48hr,MIPEP,Stim48hr,0.6843,2
TWNK,Stim48hr,ATP5PO,Stim48hr,0.6343,3
TWNK,Stim48hr,OXA1L,Stim48hr,0.6146,4
TWNK,Stim48hr,PMVK,Stim48hr,0.4898,5
TWNK,Stim48hr,RBM10,Stim48hr,0.4447,6
TWNK,Stim48hr,ACTR2,Stim48hr,0.4127,7
TWNK,Stim48hr,ACLY,Stim48hr,0.3167,8
ACLY,Stim48hr,MIPEP,Stim48hr,0.4055,1
ACLY,Stim48hr,PMVK,Stim48hr,0.3572,2
ACLY,Stim48hr,TFAM,Stim48hr,0.3296,3
ACLY,Stim48hr,TWNK,Stim48hr,0.3167,4
ACLY,Stim48hr,COASY,Stim8hr,0.2164,5
ACLY,Stim48hr,OXA1L,Stim48hr,0.2079,6
ACLY,Stim48hr,SGF29,Stim48hr,0.2069,7
ACLY,Stim48hr,ATP5PO,Stim48hr,0.2012,8
TP53,Rest,ARRDC1,Rest,0.672,1
TP53,Rest,ITPR1,Stim48hr,0.638,2
TP53,Rest,ZNF649,Stim48hr,0.626,3
TP53,Rest,INSR,Rest,0.6182,4
TP53,Rest,BPNT1,Rest,0.6062,5
TP53,Rest,CEP250,Stim8hr,0.5995,6
TP53,Rest,ARFGEF2,Stim8hr,0.5963,7
TP53,Rest,TAOK2,Rest,0.5913,8
EGR2,Stim8hr,BHLHE40,Stim8hr,0.5495,1
EGR2,Stim8hr,ARFGEF2,Stim8hr,0.4702,2
EGR2,Stim8hr,ZNF649,Stim48hr,0.457,3
EGR2,Stim8hr,TM2D1,Stim48hr,0.4497,4
EGR2,Stim8hr,ITPR1,Stim48hr,0.4487,5
EGR2,Stim8hr,CRTC3,Stim8hr,0.4365,6
EGR2,Stim8hr,MORC2,Stim8hr,0.4241,7
EGR2,Stim8hr,SMAD2,Stim8hr,0.4211,8
ELP1,Stim8hr,RTRAF,Stim8hr,0.5404,1
ELP1,Stim8hr,DDX1,Stim8hr,0.5136,2
ELP1,Stim8hr,ARFGEF2,Stim8hr,0.4606,3
ELP1,Stim8hr,STARD3,Stim8hr,0.436,4
ELP1,Stim8hr,PPIH,Stim8hr,0.435,5
ELP1,Stim8hr,ITPR1,Stim48hr,0.4098,6
ELP1,Stim8hr,PDCL,Stim48hr,0.3948,7
ELP1,Stim8hr,DYRK1A,Stim8hr,0.3896,8
PPM1L,Rest,DYNC2H1,Rest,0.8215,1
PPM1L,Rest,DLG4,Rest,0.7931,2
PPM1L,Rest,ZMYM2,Rest,0.7921,3
PPM1L,Rest,BPNT1,Rest,0.787,4
PPM1L,Rest,GABARAPL1,Rest,0.786,5
PPM1L,Rest,UBXN1,Rest,0.7841,6
PPM1L,Rest,INSR,Rest,0.768,7
PPM1L,Rest,NCKAP1L,Rest,0.7574,8
ATF4,Stim8hr,EIF4G1,Stim8hr,0.5719,1
ATF4,Stim8hr,PDSS2,Stim8hr,0.5339,2
ATF4,Stim8hr,COX6C,Stim8hr,0.4749,3
ATF4,Stim8hr,PPIH,Stim8hr,0.452,4
ATF4,Stim8hr,KHDRBS1,Stim8hr,0.4435,5
ATF4,Stim8hr,TXNL4B,Stim8hr,0.4095,6
ATF4,Stim8hr,PRKAR1A,Stim8hr,0.3903,7
ATF4,Stim8hr,RTRAF,Stim8hr,0.3669,8
ZNF649,Stim48hr,ITPR1,Stim48hr,0.7639,1
ZNF649,Stim48hr,ARRDC1,Rest,0.7419,2
ZNF649,Stim48hr,TM2D1,Stim48hr,0.7134,3
ZNF649,Stim48hr,INSR,Rest,0.7069,4
ZNF649,Stim48hr,TAOK2,Rest,0.6986,5
ZNF649,Stim48hr,DOP1B,Stim48hr,0.6951,6
ZNF649,Stim48hr,PPM1L,Rest,0.6761,7
ZNF649,Stim48hr,CEP250,Stim8hr,0.6671,8
UBE2E2,Stim8hr,PLCG1,Stim8hr,0.7974,1
UBE2E2,Stim8hr,LAT,Stim8hr,0.7826,2
UBE2E2,Stim8hr,CD3E,Stim8hr,0.776,3
UBE2E2,Stim8hr,ZAP70,Stim8hr,0.7525,4
UBE2E2,Stim8hr,FZD6,Stim8hr,0.741,5
UBE2E2,Stim8hr,LCK,Stim8hr,0.6912,6
UBE2E2,Stim8hr,PGGT1B,Stim8hr,0.6788,7
UBE2E2,Stim8hr,EFR3A,Stim8hr,0.5473,8
DYNC2H1,Rest,PPM1L,Rest,0.8215,1
DYNC2H1,Rest,ZMYM2,Rest,0.8193,2
DYNC2H1,Rest,UBXN1,Rest,0.8123,3
DYNC2H1,Rest,NCKAP1L,Rest,0.8028,4
DYNC2H1,Rest,GABARAPL1,Rest,0.7964,5
DYNC2H1,Rest,BPNT1,Rest,0.7823,6
DYNC2H1,Rest,DLG4,Rest,0.7753,7
DYNC2H1,Rest,INSR,Rest,0.7491,8
COASY,Stim8hr,PPIH,Stim8hr,0.3005,1
COASY,Stim8hr,PDSS2,Stim8hr,0.2704,2
COASY,Stim8hr,ELP1,Stim8hr,0.2699,3
COASY,Stim8hr,CPSF6,Stim8hr,0.2462,4
COASY,Stim8hr,STARD3,Stim8hr,0.2441,5
COASY,Stim8hr,KHDRBS1,Stim8hr,0.2385,6
COASY,Stim8hr,ATF4,Stim8hr,0.2374,7
COASY,Stim8hr,HCCS,Stim8hr,0.2332,8
DCAKD,Stim8hr,PARP14,Stim8hr,0.4558,1
DCAKD,Stim8hr,EIF1AX,Stim8hr,0.3664,2
DCAKD,Stim8hr,UBE2E2,Stim8hr,0.3592,3
DCAKD,Stim8hr,ATF7IP2,Stim8hr,0.3384,4
DCAKD,Stim8hr,NCAPG2,Stim8hr,0.301,5
DCAKD,Stim8hr,DOLPP1,Stim8hr,0.2938,6
DCAKD,Stim8hr,CREBBP,Stim8hr,0.2606,7
DCAKD,Stim8hr,LAT,Stim8hr,0.2506,8
RBM33,Stim8hr,LAT,Stim8hr,0.4548,1
RBM33,Stim8hr,ZAP70,Stim8hr,0.4286,2
RBM33,Stim8hr,CD3E,Stim8hr,0.4264,3
RBM33,Stim8hr,PLCG1,Stim8hr,0.4225,4
RBM33,Stim8hr,UBE2E2,Stim8hr,0.3747,5
RBM33,Stim8hr,FZD6,Stim8hr,0.3665,6
RBM33,Stim8hr,LCK,Stim8hr,0.3518,7
RBM33,Stim8hr,PGGT1B,Stim8hr,0.3483,8
CD3E,Stim8hr,PLCG1,Stim8hr,0.9621,1
CD3E,Stim8hr,LAT,Stim8hr,0.9619,2
CD3E,Stim8hr,ZAP70,Stim8hr,0.9517,3
CD3E,Stim8hr,LCK,Stim8hr,0.8545,4
CD3E,Stim8hr,PGGT1B,Stim8hr,0.8323,5
CD3E,Stim8hr,FZD6,Stim8hr,0.8189,6
CD3E,Stim8hr,UBE2E2,Stim8hr,0.776,7
CD3E,Stim8hr,EFR3A,Stim8hr,0.6013,8
TXNL4B,Stim8hr,PPIH,Stim8hr,0.486,1
TXNL4B,Stim8hr,KHDRBS1,Stim8hr,0.4417,2
TXNL4B,Stim8hr,ATF4,Stim8hr,0.4095,3
TXNL4B,Stim8hr,CFAP298,Stim8hr,0.3903,4
TXNL4B,Stim8hr,STARD3,Stim8hr,0.3873,5
TXNL4B,Stim8hr,IL12RB2,Stim8hr,0.3621,6
TXNL4B,Stim8hr,ELP1,Stim8hr,0.3567,7
TXNL4B,Stim8hr,CPSF6,Stim8hr,0.3471,8
EFR3A,Stim8hr,PGGT1B,Stim8hr,0.6747,1
EFR3A,Stim8hr,PLCG1,Stim8hr,0.6378,2
EFR3A,Stim8hr,LAT,Stim8hr,0.605,3
EFR3A,Stim8hr,CD3E,Stim8hr,0.6013,4
EFR3A,Stim8hr,ZAP70,Stim8hr,0.5806,5
EFR3A,Stim8hr,LCK,Stim8hr,0.5788,6
EFR3A,Stim8hr,UBE2E2,Stim8hr,0.5473,7
EFR3A,Stim8hr,FZD6,Stim8hr,0.5335,8
SINHCAF,Stim8hr,SENP5,Stim8hr,0.4074,1
SINHCAF,Stim8hr,GLIPR2,Stim8hr,0.3978,2
SINHCAF,Stim8hr,UBE2L3,Stim8hr,0.3894,3
SINHCAF,Stim8hr,MED12,Stim8hr,0.3865,4
SINHCAF,Stim8hr,STX16,Stim8hr,0.3845,5
SINHCAF,Stim8hr,SUPT7L,Stim8hr,0.3104,6
SINHCAF,Stim8hr,TADA2B,Stim8hr,0.3027,7
SINHCAF,Stim8hr,MED19,Stim8hr,0.3017,8
GABARAPL1,Rest,ZMYM2,Rest,0.8122,1
GABARAPL1,Rest,DLG4,Rest,0.8028,2
GABARAPL1,Rest,DYNC2H1,Rest,0.7964,3
GABARAPL1,Rest,PPM1L,Rest,0.786,4
GABARAPL1,Rest,INSR,Rest,0.7821,5
GABARAPL1,Rest,UBXN1,Rest,0.7775,6
GABARAPL1,Rest,BPNT1,Rest,0.7736,7
GABARAPL1,Rest,NCKAP1L,Rest,0.7388,8
PLCG1,Stim8hr,CD3E,Stim8hr,0.9621,1
PLCG1,Stim8hr,LAT,Stim8hr,0.9601,2
PLCG1,Stim8hr,ZAP70,Stim8hr,0.9495,3
PLCG1,Stim8hr,LCK,Stim8hr,0.8674,4
PLCG1,Stim8hr,PGGT1B,Stim8hr,0.847,5
PLCG1,Stim8hr,FZD6,Stim8hr,0.8336,6
PLCG1,Stim8hr,UBE2E2,Stim8hr,0.7974,7
PLCG1,Stim8hr,EFR3A,Stim8hr,0.6378,8
IL12RB2,Stim8hr,TXNL4B,Stim8hr,0.3621,1
IL12RB2,Stim8hr,KHDRBS1,Stim8hr,0.3303,2
IL12RB2,Stim8hr,ATF4,Stim8hr,0.3107,3
IL12RB2,Stim8hr,PDSS2,Stim8hr,0.3015,4
IL12RB2,Stim8hr,TAF11,Stim8hr,0.285,5
IL12RB2,Stim8hr,PRKAR1A,Stim8hr,0.2824,6
IL12RB2,Stim8hr,CPSF6,Stim8hr,0.281,7
IL12RB2,Stim8hr,UBR5,Stim8hr,0.2749,8
MORC2,Stim8hr,BHLHE40,Stim8hr,0.54,1
MORC2,Stim8hr,ARFGEF2,Stim8hr,0.5024,2
MORC2,Stim8hr,CRTC3,Stim8hr,0.4742,3
MORC2,Stim8hr,DDX19B,Stim8hr,0.4399,4
MORC2,Stim8hr,ITPR1,Stim48hr,0.437,5
MORC2,Stim8hr,ELAVL1,Stim8hr,0.4292,6
MORC2,Stim8hr,EGR2,Stim8hr,0.4241,7
MORC2,Stim8hr,ZNF649,Stim48hr,0.4217,8
KHDRBS1,Stim8hr,PDSS2,Stim8hr,0.4537,1
KHDRBS1,Stim8hr,CFAP298,Stim8hr,0.4482,2
KHDRBS1,Stim8hr,COX6C,Stim8hr,0.4479,3
KHDRBS1,Stim8hr,ATF4,Stim8hr,0.4435,4
KHDRBS1,Stim8hr,TXNL4B,Stim8hr,0.4417,5
KHDRBS1,Stim8hr,PPIH,Stim8hr,0.4416,6
KHDRBS1,Stim8hr,STARD3,Stim8hr,0.436,7
KHDRBS1,Stim8hr,CPSF6,Stim8hr,0.402,8
CCDC117,Rest,ARFGEF2,Stim8hr,0.4539,1
CCDC117,Rest,HAVCR2,Rest,0.4523,2
CCDC117,Rest,SMIM3,Rest,0.4393,3
CCDC117,Rest,MTR,Stim8hr,0.4267,4
CCDC117,Rest,PIK3C2A,Stim48hr,0.421,5
CCDC117,Rest,CRTC3,Stim8hr,0.4164,6
CCDC117,Rest,TMEM183A,Stim48hr,0.4113,7
CCDC117,Rest,SMAD2,Stim8hr,0.4081,8
CRTC3,Stim8hr,ARFGEF2,Stim8hr,0.6378,1
CRTC3,Stim8hr,ITPR1,Stim48hr,0.593,2
CRTC3,Stim8hr,ARRDC1,Rest,0.5882,3
CRTC3,Stim8hr,CEP250,Stim8hr,0.5674,4
CRTC3,Stim8hr,ZNF649,Stim48hr,0.5667,5
CRTC3,Stim8hr,BHLHE40,Stim8hr,0.5612,6
CRTC3,Stim8hr,PIK3C2A,Stim48hr,0.5472,7
CRTC3,Stim8hr,TAOK2,Rest,0.5428,8
IL16,Rest,PIK3C2A,Stim48hr,0.403,1
IL16,Rest,MTR,Stim8hr,0.3923,2
IL16,Rest,ARFGEF2,Stim8hr,0.3877,3
IL16,Rest,CEP250,Stim8hr,0.3849,4
IL16,Rest,CRTC3,Stim8hr,0.3812,5
IL16,Rest,TMEM183A,Stim48hr,0.3807,6
IL16,Rest,SCLY,Rest,0.3764,7
IL16,Rest,DUSP22,Stim48hr,0.3745,8
LEPROTL1,Stim8hr,ARFGEF2,Stim8hr,0.4899,1
LEPROTL1,Stim8hr,STARD3,Stim8hr,0.4775,2
LEPROTL1,Stim8hr,CFAP298,Stim8hr,0.4212,3
LEPROTL1,Stim8hr,ARRDC1,Rest,0.4204,4
LEPROTL1,Stim8hr,DDX19B,Stim8hr,0.4134,5
LEPROTL1,Stim8hr,PIK3C2A,Stim48hr,0.412,6
LEPROTL1,Stim8hr,OSBPL2,Stim48hr,0.4015,7
LEPROTL1,Stim8hr,SEC31A,Stim48hr,0.3973,8
DYRK1A,Stim8hr,ARFGEF2,Stim8hr,0.5237,1
DYRK1A,Stim8hr,STARD3,Stim8hr,0.5006,2
DYRK1A,Stim8hr,ARRDC1,Rest,0.4976,3
DYRK1A,Stim8hr,ITPR1,Stim48hr,0.4884,4
DYRK1A,Stim8hr,ZNF649,Stim48hr,0.4657,5
DYRK1A,Stim8hr,PIK3C2A,Stim48hr,0.4613,6
DYRK1A,Stim8hr,CRTC3,Stim8hr,0.4604,7
DYRK1A,Stim8hr,BHLHE40,Stim8hr,0.4433,8
MTR,Stim8hr,ARRDC1,Rest,0.5306,1
MTR,Stim8hr,ARFGEF2,Stim8hr,0.5285,2
MTR,Stim8hr,PIK3C2A,Stim48hr,0.5004,3
MTR,Stim8hr,DUSP22,Stim48hr,0.4987,4
MTR,Stim8hr,CEP250,Stim8hr,0.4913,5
MTR,Stim8hr,ITPR1,Stim48hr,0.4807,6
MTR,Stim8hr,SOCS2,Stim48hr,0.4734,7
MTR,Stim8hr,CRTC3,Stim8hr,0.4642,8
MBOAT7,Stim48hr,ARFGEF2,Stim8hr,0.3941,1
MBOAT7,Stim48hr,CRTC3,Stim8hr,0.3656,2
MBOAT7,Stim48hr,DUSP22,Stim48hr,0.36,3
MBOAT7,Stim48hr,MTR,Stim8hr,0.351,4
MBOAT7,Stim48hr,SMIM3,Rest,0.35,5
MBOAT7,Stim48hr,ARRDC1,Rest,0.3473,6
MBOAT7,Stim48hr,SC5D,Stim8hr,0.3465,7
MBOAT7,Stim48hr,HNRNPUL2,Stim48hr,0.3451,8
HAVCR2,Rest,ARFGEF2,Stim8hr,0.5234,1
HAVCR2,Rest,SMIM3,Rest,0.4958,2
HAVCR2,Rest,CRTC3,Stim8hr,0.4862,3
HAVCR2,Rest,PIK3C2A,Stim48hr,0.485,4
HAVCR2,Rest,CEP250,Stim8hr,0.4758,5
HAVCR2,Rest,ITPR1,Stim48hr,0.4638,6
HAVCR2,Rest,BHLHE40,Stim8hr,0.4558,7
HAVCR2,Rest,DUSP22,Stim48hr,0.4535,8
DUSP22,Stim48hr,ITPR1,Stim48hr,0.6856,1
DUSP22,Stim48hr,SOCS2,Stim48hr,0.6426,2
DUSP22,Stim48hr,ARRDC1,Rest,0.636,3
DUSP22,Stim48hr,ZNF649,Stim48hr,0.632,4
DUSP22,Stim48hr,TM2D1,Stim48hr,0.6145,5
DUSP22,Stim48hr,ARFGEF2,Stim8hr,0.6087,6
DUSP22,Stim48hr,INSR,Rest,0.6006,7
DUSP22,Stim48hr,TAOK2,Rest,0.5966,8
EFCAB14,Rest,ARFGEF2,Stim8hr,0.4966,1
EFCAB14,Rest,ARRDC1,Rest,0.4858,2
EFCAB14,Rest,ZNF649,Stim48hr,0.47,3
EFCAB14,Rest,ITPR1,Stim48hr,0.4603,4
EFCAB14,Rest,PIK3C2A,Stim48hr,0.4544,5
EFCAB14,Rest,HAVCR2,Rest,0.4502,6
EFCAB14,Rest,CEP250,Stim8hr,0.4434,7
EFCAB14,Rest,CRTC3,Stim8hr,0.4414,8
HROB,Stim8hr,BHLHE40,Stim8hr,0.4915,1
HROB,Stim8hr,STARD3,Stim8hr,0.4682,2
HROB,Stim8hr,PIK3C2A,Stim48hr,0.4555,3
HROB,Stim8hr,ARFGEF2,Stim8hr,0.4546,4
HROB,Stim8hr,ARRDC1,Rest,0.4494,5
HROB,Stim8hr,PDCL,Stim48hr,0.4485,6
HROB,Stim8hr,MAGI3,Stim48hr,0.4433,7
HROB,Stim8hr,ITPR1,Stim48hr,0.4301,8
KPTN,Stim8hr,ARFGEF2,Stim8hr,0.4182,1
KPTN,Stim8hr,DDX19B,Stim8hr,0.392,2
KPTN,Stim8hr,MORC2,Stim8hr,0.367,3
KPTN,Stim8hr,EGR2,Stim8hr,0.3429,4
KPTN,Stim8hr,BHLHE40,Stim8hr,0.3391,5
KPTN,Stim8hr,NIPSNAP3A,Stim8hr,0.3369,6
KPTN,Stim8hr,CRTC3,Stim8hr,0.3365,7
KPTN,Stim8hr,STARD3,Stim8hr,0.314,8
SMAD2,Stim8hr,ARFGEF2,Stim8hr,0.5635,1
SMAD2,Stim8hr,ARRDC1,Rest,0.5554,2
SMAD2,Stim8hr,ZNF649,Stim48hr,0.5227,3
SMAD2,Stim8hr,CEP250,Stim8hr,0.5061,4
SMAD2,Stim8hr,ITPR1,Stim48hr,0.506,5
SMAD2,Stim8hr,PIK3C2A,Stim48hr,0.5006,6
SMAD2,Stim8hr,CRTC3,Stim8hr,0.4972,7
SMAD2,Stim8hr,TAOK2,Rest,0.4919,8
LRP8,Stim8hr,ARFGEF2,Stim8hr,0.3784,1
LRP8,Stim8hr,CEP250,Stim8hr,0.3746,2
LRP8,Stim8hr,SEC31A,Stim48hr,0.3652,3
LRP8,Stim8hr,PIK3C2A,Stim48hr,0.3638,4
LRP8,Stim8hr,DLG4,Rest,0.3632,5
LRP8,Stim8hr,CFAP298,Stim8hr,0.3594,6
LRP8,Stim8hr,UBXN1,Rest,0.3517,7
LRP8,Stim8hr,OSBPL2,Stim48hr,0.3505,8
STARD3,Stim8hr,ARFGEF2,Stim8hr,0.6075,1
STARD3,Stim8hr,ARRDC1,Rest,0.5449,2
STARD3,Stim8hr,CEP250,Stim8hr,0.5279,3
STARD3,Stim8hr,PIK3C2A,Stim48hr,0.5237,4
STARD3,Stim8hr,ITPR1,Stim48hr,0.5113,5
STARD3,Stim8hr,BHLHE40,Stim8hr,0.5112,6
STARD3,Stim8hr,PPIH,Stim8hr,0.504,7
STARD3,Stim8hr,DYRK1A,Stim8hr,0.5006,8
PDCD6,Stim8hr,ARFGEF2,Stim8hr,0.4362,1
PDCD6,Stim8hr,STARD3,Stim8hr,0.4224,2
PDCD6,Stim8hr,DYRK1A,Stim8hr,0.4055,3
PDCD6,Stim8hr,PIK3C2A,Stim48hr,0.3848,4
PDCD6,Stim8hr,MTR,Stim8hr,0.371,5
PDCD6,Stim8hr,TBKBP1,Stim48hr,0.3634,6
PDCD6,Stim8hr,ARRDC1,Rest,0.3582,7
PDCD6,Stim8hr,HAVCR2,Rest,0.3579,8
TMEM183A,Stim48hr,ITPR1,Stim48hr,0.5475,1
TMEM183A,Stim48hr,ARFGEF2,Stim8hr,0.5356,2
TMEM183A,Stim48hr,SOCS2,Stim48hr,0.5276,3
TMEM183A,Stim48hr,ARRDC1,Rest,0.5197,4
TMEM183A,Stim48hr,CEP250,Stim8hr,0.5175,5
TMEM183A,Stim48hr,DUSP22,Stim48hr,0.5127,6
TMEM183A,Stim48hr,PIK3C2A,Stim48hr,0.4921,7
TMEM183A,Stim48hr,TP53,Rest,0.4868,8
DDX19B,Stim8hr,ARFGEF2,Stim8hr,0.5571,1
DDX19B,Stim8hr,CRTC3,Stim8hr,0.5182,2
DDX19B,Stim8hr,STARD3,Stim8hr,0.4589,3
DDX19B,Stim8hr,ITPR1,Stim48hr,0.454,4
DDX19B,Stim8hr,DUSP22,Stim48hr,0.4455,5
DDX19B,Stim8hr,MORC2,Stim8hr,0.4399,6
DDX19B,Stim8hr,TBKBP1,Stim48hr,0.4241,7
DDX19B,Stim8hr,PIK3C2A,Stim48hr,0.4233,8
NEU1,Stim48hr,CCDC117,Rest,0.314,1
NEU1,Stim48hr,HAVCR2,Rest,0.3121,2
NEU1,Stim48hr,MTR,Stim8hr,0.3116,3
NEU1,Stim48hr,SMIM3,Rest,0.3073,4
NEU1,Stim48hr,CRTC3,Stim8hr,0.2982,5
NEU1,Stim48hr,ARFGEF2,Stim8hr,0.295,6
NEU1,Stim48hr,MBOAT7,Stim48hr,0.2847,7
NEU1,Stim48hr,NCOR1,Stim48hr,0.2801,8
RILPL2,Stim48hr,DUSP22,Stim48hr,0.4039,1
RILPL2,Stim48hr,ARFGEF2,Stim8hr,0.4007,2
RILPL2,Stim48hr,PIK3C2A,Stim48hr,0.3912,3
RILPL2,Stim48hr,SOCS2,Stim48hr,0.3893,4
RILPL2,Stim48hr,HAVCR2,Rest,0.3799,5
RILPL2,Stim48hr,SMAD2,Stim8hr,0.3739,6
RILPL2,Stim48hr,MTR,Stim8hr,0.3716,7
RILPL2,Stim48hr,SCLY,Rest,0.3694,8
SC5D,Stim8hr,ARFGEF2,Stim8hr,0.5423,1
SC5D,Stim8hr,CRTC3,Stim8hr,0.5307,2
SC5D,Stim8hr,ITPR1,Stim48hr,0.5206,3
SC5D,Stim8hr,DUSP22,Stim48hr,0.4987,4
SC5D,Stim8hr,CEP250,Stim8hr,0.4939,5
SC5D,Stim8hr,TM2D1,Stim48hr,0.4723,6
SC5D,Stim8hr,TP53,Rest,0.4683,7
SC5D,Stim8hr,SMIM3,Rest,0.4596,8
LSP1,Stim8hr,STARD3,Stim8hr,0.4053,1
LSP1,Stim8hr,ARFGEF2,Stim8hr,0.3941,2
LSP1,Stim8hr,PIK3C2A,Stim48hr,0.3473,3
LSP1,Stim8hr,ARRDC1,Rest,0.3435,4
LSP1,Stim8hr,TBKBP1,Stim48hr,0.3353,5
LSP1,Stim8hr,PPIH,Stim8hr,0.3351,6
LSP1,Stim8hr,ITPR1,Stim48hr,0.332,7
LSP1,Stim8hr,DYRK1A,Stim8hr,0.3315,8
PIK3C2A,Stim48hr,ITPR1,Stim48hr,0.6244,1
PIK3C2A,Stim48hr,ARRDC1,Rest,0.6182,2
PIK3C2A,Stim48hr,ZNF649,Stim48hr,0.6178,3
PIK3C2A,Stim48hr,ARFGEF2,Stim8hr,0.6032,4
PIK3C2A,Stim48hr,CEP250,Stim8hr,0.5918,5
PIK3C2A,Stim48hr,TAOK2,Rest,0.5877,6
PIK3C2A,Stim48hr,INSR,Rest,0.5826,7
PIK3C2A,Stim48hr,PPM1L,Rest,0.5786,8
CEP250,Stim8hr,ARRDC1,Rest,0.6684,1
CEP250,Stim8hr,ZNF649,Stim48hr,0.6671,2
CEP250,Stim8hr,ITPR1,Stim48hr,0.6626,3
CEP250,Stim8hr,INSR,Rest,0.6526,4
CEP250,Stim8hr,TAOK2,Rest,0.6494,5
CEP250,Stim8hr,DLG4,Rest,0.6474,6
CEP250,Stim8hr,DYNC2H1,Rest,0.6441,7
CEP250,Stim8hr,PPM1L,Rest,0.6404,8
ARFGEF2,Stim8hr,ITPR1,Stim48hr,0.6641,1
ARFGEF2,Stim8hr,ARRDC1,Rest,0.6468,2
ARFGEF2,Stim8hr,CRTC3,Stim8hr,0.6378,3
ARFGEF2,Stim8hr,CEP250,Stim8hr,0.6252,4
ARFGEF2,Stim8hr,DUSP22,Stim48hr,0.6087,5
ARFGEF2,Stim8hr,STARD3,Stim8hr,0.6075,6
ARFGEF2,Stim8hr,PIK3C2A,Stim48hr,0.6032,7
ARFGEF2,Stim8hr,ZNF649,Stim48hr,0.6024,8
ITPR1,Stim48hr,ZNF649,Stim48hr,0.7639,1
ITPR1,Stim48hr,TM2D1,Stim48hr,0.7019,2
ITPR1,Stim48hr,ARRDC1,Rest,0.6974,3
ITPR1,Stim48hr,DUSP22,Stim48hr,0.6856,4
ITPR1,Stim48hr,TAOK2,Rest,0.6843,5
ITPR1,Stim48hr,INSR,Rest,0.6661,6
ITPR1,Stim48hr,ARFGEF2,Stim8hr,0.6641,7
ITPR1,Stim48hr,PPM1L,Rest,0.6627,8
MOSPD1,Rest,MED15,Rest,0.351,1
MOSPD1,Rest,EWSR1,Rest,0.3378,2
MOSPD1,Rest,PKN3,Stim48hr,0.3171,3
MOSPD1,Rest,CLCC1,Stim48hr,0.2936,4
MOSPD1,Rest,EHMT2,Rest,0.2884,5
MOSPD1,Rest,MRC2,Stim48hr,0.2878,6
MOSPD1,Rest,LEO1,Rest,0.2554,7
MOSPD1,Rest,LAMTOR2,Stim48hr,0.2454,8
BPNT1,Rest,PPM1L,Rest,0.787,1
BPNT1,Rest,DLG4,Rest,0.7834,2
BPNT1,Rest,DYNC2H1,Rest,0.7823,3
BPNT1,Rest,ZMYM2,Rest,0.7761,4
BPNT1,Rest,GABARAPL1,Rest,0.7736,5
BPNT1,Rest,UBXN1,Rest,0.7656,6
BPNT1,Rest,INSR,Rest,0.7366,7
BPNT1,Rest,TAOK2,Rest,0.7363,8
TMBIM4,Stim8hr,LCK,Stim8hr,0.2126,1
TMBIM4,Stim8hr,SMIM3,Rest,0.2117,2
TMBIM4,Stim8hr,SC5D,Stim8hr,0.2084,3
TMBIM4,Stim8hr,BRPF1,Stim8hr,0.2002,4
TMBIM4,Stim8hr,ARFGEF2,Stim8hr,0.1939,5
TMBIM4,Stim8hr,SCLY,Rest,0.1936,6
TMBIM4,Stim8hr,CRTC3,Stim8hr,0.1911,7
TMBIM4,Stim8hr,FZD6,Stim8hr,0.1857,8
PKN3,Stim48hr,CLCC1,Stim48hr,0.4464,1
PKN3,Stim48hr,SIK3,Stim48hr,0.3988,2
PKN3,Stim48hr,RRAGA,Stim48hr,0.3205,3
PKN3,Stim48hr,MOSPD1,Rest,0.3171,4
PKN3,Stim48hr,LAT,Stim8hr,0.3154,5
PKN3,Stim48hr,CD3E,Stim8hr,0.314,6
PKN3,Stim48hr,PLCG1,Stim8hr,0.3062,7
PKN3,Stim48hr,FZD6,Stim8hr,0.3026,8
CEP55,Stim48hr,RHOA,Stim48hr,0.2416,1
CEP55,Stim48hr,ACTR2,Stim48hr,0.2278,2
CEP55,Stim48hr,ERCC4,Stim48hr,0.2201,3
CEP55,Stim48hr,RRAGA,Stim48hr,0.1771,4
CEP55,Stim48hr,CLCC1,Stim48hr,0.1742,5
CEP55,Stim48hr,CD53,Stim8hr,0.1586,6
CEP55,Stim48hr,PTPA,Stim48hr,0.1559,7
CEP55,Stim48hr,MRC2,Stim48hr,0.1518,8
SEC31A,Stim48hr,ARFGEF2,Stim8hr,0.5487,1
SEC31A,Stim48hr,ITPR1,Stim48hr,0.5469,2
SEC31A,Stim48hr,DUSP22,Stim48hr,0.5428,3
SEC31A,Stim48hr,PIK3C2A,Stim48hr,0.5233,4
SEC31A,Stim48hr,ARRDC1,Rest,0.5207,5
SEC31A,Stim48hr,CEP250,Stim8hr,0.5137,6
SEC31A,Stim48hr,TM2D1,Stim48hr,0.503,7
SEC31A,Stim48hr,BPNT1,Rest,0.4967,8
APAF1,Rest,ARFGEF2,Stim8hr,0.3204,1
APAF1,Rest,PDCL,Stim48hr,0.3177,2
APAF1,Rest,YTHDF2,Stim48hr,0.2945,3
APAF1,Rest,STARD3,Stim8hr,0.2929,4
APAF1,Rest,ELP1,Stim8hr,0.2923,5
APAF1,Rest,ITPR1,Stim48hr,0.2911,6
APAF1,Rest,HROB,Stim8hr,0.2892,7
APAF1,Rest,DDX19B,Stim8hr,0.289,8
LARP4,Stim48hr,ARFGEF2,Stim8hr,0.3452,1
LARP4,Stim48hr,DDX19B,Stim8hr,0.3237,2
LARP4,Stim48hr,STARD3,Stim8hr,0.3148,3
LARP4,Stim48hr,CRTC3,Stim8hr,0.3106,4
LARP4,Stim48hr,RILPL2,Stim48hr,0.3082,5
LARP4,Stim48hr,CEP250,Stim8hr,0.3036,6
LARP4,Stim48hr,PIK3C2A,Stim48hr,0.2967,7
LARP4,Stim48hr,TMEM183A,Stim48hr,0.2967,8
NIPSNAP3A,Stim8hr,CD53,Stim8hr,0.3903,1
NIPSNAP3A,Stim8hr,STARD3,Stim8hr,0.3796,2
NIPSNAP3A,Stim8hr,PDSS2,Stim8hr,0.3786,3
NIPSNAP3A,Stim8hr,ARFGEF2,Stim8hr,0.3707,4
NIPSNAP3A,Stim8hr,LEPROTL1,Stim8hr,0.3678,5
NIPSNAP3A,Stim8hr,PPIH,Stim8hr,0.363,6
NIPSNAP3A,Stim8hr,HROB,Stim8hr,0.3563,7
NIPSNAP3A,Stim8hr,KPTN,Stim8hr,0.3369,8
TAOK2,Rest,PPM1L,Rest,0.7452,1
TAOK2,Rest,BPNT1,Rest,0.7363,2
TAOK2,Rest,DYNC2H1,Rest,0.7277,3
TAOK2,Rest,ARRDC1,Rest,0.7201,4
TAOK2,Rest,UBXN1,Rest,0.7175,5
TAOK2,Rest,INSR,Rest,0.7095,6
TAOK2,Rest,ZMYM2,Rest,0.7064,7
TAOK2,Rest,ZNF649,Stim48hr,0.6986,8
SOCS2,Stim48hr,DUSP22,Stim48hr,0.6426,1
SOCS2,Stim48hr,ITPR1,Stim48hr,0.625,2
SOCS2,Stim48hr,ZNF649,Stim48hr,0.5949,3
SOCS2,Stim48hr,TAOK2,Rest,0.5912,4
SOCS2,Stim48hr,ARRDC1,Rest,0.5896,5
SOCS2,Stim48hr,TM2D1,Stim48hr,0.5724,6
SOCS2,Stim48hr,CEP250,Stim8hr,0.565,7
SOCS2,Stim48hr,ARFGEF2,Stim8hr,0.5638,8
RETREG2,Stim8hr,MTR,Stim8hr,0.3078,1
RETREG2,Stim8hr,CCDC117,Rest,0.3005,2
RETREG2,Stim8hr,HAVCR2,Rest,0.289,3
RETREG2,Stim8hr,STARD3,Stim8hr,0.2844,4
RETREG2,Stim8hr,PIK3C2A,Stim48hr,0.2769,5
RETREG2,Stim8hr,IL16,Rest,0.2711,6
RETREG2,Stim8hr,TMEM183A,Stim48hr,0.2693,7
RETREG2,Stim8hr,SOCS2,Stim48hr,0.2651,8
HNRNPUL2,Stim48hr,SOCS2,Stim48hr,0.5597,1
HNRNPUL2,Stim48hr,ITPR1,Stim48hr,0.5545,2
HNRNPUL2,Stim48hr,DUSP22,Stim48hr,0.534,3
HNRNPUL2,Stim48hr,ZNF649,Stim48hr,0.531,4
HNRNPUL2,Stim48hr,CEP250,Stim8hr,0.5281,5
HNRNPUL2,Stim48hr,ARRDC1,Rest,0.5257,6
HNRNPUL2,Stim48hr,ARFGEF2,Stim8hr,0.5044,7
HNRNPUL2,Stim48hr,INSR,Rest,0.4988,8
CYB5B,Stim48hr,PPIH,Stim8hr,0.2753,1
CYB5B,Stim48hr,PDCL,Stim48hr,0.2683,2
CYB5B,Stim48hr,YTHDF2,Stim48hr,0.2351,3
CYB5B,Stim48hr,HROB,Stim8hr,0.224,4
CYB5B,Stim48hr,DOP1B,Stim48hr,0.2233,5
CYB5B,Stim48hr,APAF1,Rest,0.2233,6
CYB5B,Stim48hr,ARFGEF2,Stim8hr,0.2216,7
CYB5B,Stim48hr,HAVCR2,Rest,0.2195,8
HDGF,Stim48hr,ARFGEF2,Stim8hr,0.5101,1
HDGF,Stim48hr,ITPR1,Stim48hr,0.4791,2
HDGF,Stim48hr,CRTC3,Stim8hr,0.4762,3
HDGF,Stim48hr,BHLHE40,Stim8hr,0.4622,4
HDGF,Stim48hr,ZNF649,Stim48hr,0.4572,5
HDGF,Stim48hr,PIK3C2A,Stim48hr,0.436,6
HDGF,Stim48hr,PDCL,Stim48hr,0.4325,7
HDGF,Stim48hr,DUSP22,Stim48hr,0.4259,8
OSBPL2,Stim48hr,ITPR1,Stim48hr,0.6031,1
OSBPL2,Stim48hr,ARRDC1,Rest,0.5922,2
OSBPL2,Stim48hr,ZNF649,Stim48hr,0.5896,3
OSBPL2,Stim48hr,ARFGEF2,Stim8hr,0.5714,4
OSBPL2,Stim48hr,CEP250,Stim8hr,0.5671,5
OSBPL2,Stim48hr,TAOK2,Rest,0.5661,6
OSBPL2,Stim48hr,BPNT1,Rest,0.5655,7
OSBPL2,Stim48hr,PIK3C2A,Stim48hr,0.5638,8
ZNF891,Stim8hr,DLG4,Rest,0.4724,1
ZNF891,Stim8hr,CEP250,Stim8hr,0.4253,2
ZNF891,Stim8hr,ARRDC1,Rest,0.4231,3
ZNF891,Stim8hr,DYNC2H1,Rest,0.4216,4
ZNF891,Stim8hr,GABARAPL1,Rest,0.4114,5
ZNF891,Stim8hr,INSR,Rest,0.4087,6
ZNF891,Stim8hr,SMIM3,Rest,0.4086,7
ZNF891,Stim8hr,TP53,Rest,0.404,8
FKBP15,Stim8hr,CEP250,Stim8hr,0.5362,1
FKBP15,Stim8hr,ITPR1,Stim48hr,0.5302,2
FKBP15,Stim8hr,DUSP22,Stim48hr,0.5185,3
FKBP15,Stim8hr,ARRDC1,Rest,0.5142,4
FKBP15,Stim8hr,DYNC2H1,Rest,0.5024,5
FKBP15,Stim8hr,DLG4,Rest,0.4914,6
FKBP15,Stim8hr,GABARAPL1,Rest,0.4887,7
FKBP15,Stim8hr,ARFGEF2,Stim8hr,0.4884,8
MAGI3,Stim48hr,ZNF649,Stim48hr,0.6517,1
MAGI3,Stim48hr,ITPR1,Stim48hr,0.6181,2
MAGI3,Stim48hr,TM2D1,Stim48hr,0.6109,3
MAGI3,Stim48hr,DOP1B,Stim48hr,0.5935,4
MAGI3,Stim48hr,CEP250,Stim8hr,0.5803,5
MAGI3,Stim48hr,ARRDC1,Rest,0.5745,6
MAGI3,Stim48hr,INSR,Rest,0.5715,7
MAGI3,Stim48hr,TAOK2,Rest,0.5672,8
TBKBP1,Stim48hr,ARFGEF2,Stim8hr,0.5744,1
TBKBP1,Stim48hr,ARRDC1,Rest,0.5322,2
TBKBP1,Stim48hr,ITPR1,Stim48hr,0.5145,3
TBKBP1,Stim48hr,DUSP22,Stim48hr,0.5139,4
TBKBP1,Stim48hr,PIK3C2A,Stim48hr,0.51,5
TBKBP1,Stim48hr,CRTC3,Stim8hr,0.5056,6
TBKBP1,Stim48hr,STARD3,Stim8hr,0.4959,7
TBKBP1,Stim48hr,TAOK2,Rest,0.4945,8
ARRDC1,Rest,ZNF649,Stim48hr,0.7419,1
ARRDC1,Rest,INSR,Rest,0.7394,2
ARRDC1,Rest,UBXN1,Rest,0.7268,3
ARRDC1,Rest,TAOK2,Rest,0.7201,4
ARRDC1,Rest,ZMYM2,Rest,0.7194,5
ARRDC1,Rest,DYNC2H1,Rest,0.7181,6
ARRDC1,Rest,PPM1L,Rest,0.7038,7
ARRDC1,Rest,GABARAPL1,Rest,0.699,8
SCLY,Rest,ARFGEF2,Stim8hr,0.4601,1
SCLY,Rest,PIK3C2A,Stim48hr,0.4573,2
SCLY,Rest,DUSP22,Stim48hr,0.456,3
SCLY,Rest,CEP250,Stim8hr,0.4538,4
SCLY,Rest,CRTC3,Stim8hr,0.4412,5
SCLY,Rest,INSR,Rest,0.4308,6
SCLY,Rest,ARRDC1,Rest,0.4248,7
SCLY,Rest,SC5D,Stim8hr,0.4235,8
CD53,Stim8hr,NIPSNAP3A,Stim8hr,0.3903,1
CD53,Stim8hr,PDSS2,Stim8hr,0.3768,2
CD53,Stim8hr,STARD3,Stim8hr,0.3768,3
CD53,Stim8hr,ATF4,Stim8hr,0.3636,4
CD53,Stim8hr,ARFGEF2,Stim8hr,0.3607,5
CD53,Stim8hr,DDX19B,Stim8hr,0.337,6
CD53,Stim8hr,KHDRBS1,Stim8hr,0.3171,7
CD53,Stim8hr,TXNL4B,Stim8hr,0.3115,8
SMIM3,Rest,TP53,Rest,0.5532,1
SMIM3,Rest,ARRDC1,Rest,0.5418,2
SMIM3,Rest,DUSP22,Stim48hr,0.5288,3
SMIM3,Rest,ARFGEF2,Stim8hr,0.5145,4
SMIM3,Rest,CEP250,Stim8hr,0.508,5
SMIM3,Rest,ITPR1,Stim48hr,0.5067,6
SMIM3,Rest,ZNF649,Stim48hr,0.5051,7
SMIM3,Rest,HAVCR2,Rest,0.4958,8
