regulator,conditions,n_conditions,mean_cross_condition_cosine,min_cross_condition_cosine,max_n_downstream
NDUFA5,Rest;Stim48hr,2,0.0281,0.0281,48
CKS1B,Rest;Stim48hr,2,0.0349,0.0349,40
TNFAIP3,Rest;Stim8hr,2,0.0502,0.0502,33
CENPE,Stim48hr;Stim8hr,2,0.0552,0.0552,71
MTPAP,Stim48hr;Stim8hr,2,0.0627,0.0627,783
CNIH4,Rest;Stim8hr,2,0.0646,0.0646,42
UNC45A,Rest;Stim48hr;Stim8hr,3,0.0705,0.0308,219
BRIP1,Rest;Stim48hr,2,0.079,0.079,57
CAMLG,Stim48hr;Stim8hr,2,0.0802,0.0802,75
RBFA,Stim48hr;Stim8hr,2,0.0911,0.0911,1165
PRKDC,Rest;Stim48hr;Stim8hr,3,0.0936,0.0839,260
GTF3C6,Rest;Stim8hr,2,0.0968,0.0968,653
ENTR1,Stim48hr;Stim8hr,2,0.0971,0.0971,328
WIPI2,Rest;Stim48hr,2,0.0993,0.0993,31
B4GALNT3,Rest;Stim48hr,2,0.1022,0.1022,371
NCAPD3,Stim48hr;Stim8hr,2,0.1032,0.1032,78
SNUPN,Rest;Stim48hr;Stim8hr,3,0.1052,0.071,151
MDM4,Rest;Stim48hr;Stim8hr,3,0.1061,0.0866,108
GET3,Rest;Stim48hr;Stim8hr,3,0.1062,0.0717,183
SIK2,Rest;Stim8hr,2,0.1081,0.1081,146
YIPF3,Stim48hr;Stim8hr,2,0.1092,0.1092,186
RHNO1,Rest;Stim48hr,2,0.1098,0.1098,46
AIFM1,Rest;Stim48hr;Stim8hr,3,0.1134,0.0572,997
ATIC,Rest;Stim8hr,2,0.1137,0.1137,180
PYROXD1,Rest;Stim48hr,2,0.114,0.114,72
TOPBP1,Rest;Stim8hr,2,0.1141,0.1141,34
EDRF1,Rest;Stim8hr,2,0.1145,0.1145,140
UVSSA,Stim48hr;Stim8hr,2,0.115,0.115,50
IFI27L1,Rest;Stim48hr,2,0.115,0.115,510
TADA2A,Stim48hr;Stim8hr,2,0.1173,0.1173,280
UBE2N,Rest;Stim48hr;Stim8hr,3,0.1194,0.047,325
ATP5MF,Rest;Stim48hr,2,0.1197,0.1197,688
PIP4P1,Rest;Stim48hr,2,0.1198,0.1198,24
OCIAD2,Stim48hr;Stim8hr,2,0.1198,0.1198,102
GTF3C4,Stim48hr;Stim8hr,2,0.1208,0.1208,74
POLG2,Stim48hr;Stim8hr,2,0.121,0.121,615
COA5,Stim48hr;Stim8hr,2,0.1211,0.1211,302
SRA1,Stim48hr;Stim8hr,2,0.1238,0.1238,86
CTNNBL1,Rest;Stim48hr,2,0.1241,0.1241,60
TNKS1BP1,Rest;Stim48hr,2,0.1248,0.1248,55
PIKFYVE,Rest;Stim8hr,2,0.1249,0.1249,24
SLK,Stim48hr;Stim8hr,2,0.1259,0.1259,35
ZWINT,Rest;Stim48hr;Stim8hr,3,0.1274,0.0188,133
WDR7,Stim48hr;Stim8hr,2,0.128,0.128,149
CCAR1,Rest;Stim8hr,2,0.1291,0.1291,171
EI24,Rest;Stim48hr;Stim8hr,3,0.1331,0.0988,118
TIPARP,Rest;Stim48hr,2,0.1336,0.1336,363
YBEY,Rest;Stim8hr,2,0.1338,0.1338,76
HSPA8,Rest;Stim8hr,2,0.1355,0.1355,59
COMMD8,Rest;Stim48hr,2,0.1364,0.1364,283
TBL1X,Stim48hr;Stim8hr,2,0.1365,0.1365,132
GADD45GIP1,Stim48hr;Stim8hr,2,0.1366,0.1366,536
CIT,Rest;Stim48hr;Stim8hr,3,0.1369,0.1024,73
C18orf32,Rest;Stim48hr;Stim8hr,3,0.138,0.0933,73
FDX1,Rest;Stim48hr;Stim8hr,3,0.1395,0.1097,156
ING3,Stim48hr;Stim8hr,2,0.1396,0.1396,118
RAP1A,Rest;Stim48hr;Stim8hr,3,0.14,0.1154,28
ZC3H14,Stim48hr;Stim8hr,2,0.142,0.142,66
SKA3,Rest;Stim48hr,2,0.1426,0.1426,109
ATP5ME,Rest;Stim48hr;Stim8hr,3,0.1427,0.0324,732
TMEM33,Rest;Stim48hr,2,0.1428,0.1428,85
IDH3A,Stim48hr;Stim8hr,2,0.1433,0.1433,124
NDUFS8,Rest;Stim48hr;Stim8hr,3,0.1435,0.1314,882
MCAT,Rest;Stim48hr,2,0.1447,0.1447,779
PRPF38B,Rest;Stim48hr;Stim8hr,3,0.1453,0.085,133
COX10,Rest;Stim8hr,2,0.1455,0.1455,244
ADSS2,Rest;Stim8hr,2,0.1463,0.1463,465
UTP23,Rest;Stim48hr,2,0.1471,0.1471,170
COX19,Rest;Stim48hr;Stim8hr,3,0.1476,0.1298,483
EMC2,Rest;Stim48hr;Stim8hr,3,0.1476,0.1189,465
WDR48,Rest;Stim48hr;Stim8hr,3,0.1478,0.1342,196
ZNF414,Rest;Stim8hr,2,0.1479,0.1479,193
USP10,Rest;Stim48hr;Stim8hr,3,0.1486,0.1172,118
DBF4,Rest;Stim48hr,2,0.1486,0.1486,144
NDUFB10,Rest;Stim48hr,2,0.1493,0.1493,37
SLC25A22,Rest;Stim48hr;Stim8hr,3,0.1503,0.1124,193
CUL4B,Rest;Stim48hr;Stim8hr,3,0.1503,0.1039,571
SUGT1,Rest;Stim48hr;Stim8hr,3,0.1523,0.1174,389
WDR26,Rest;Stim8hr,2,0.1523,0.1523,38
PAIP1,Rest;Stim48hr;Stim8hr,3,0.1525,0.1439,117
HSPA14,Rest;Stim8hr,2,0.153,0.153,108
FRA10AC1,Rest;Stim48hr,2,0.1531,0.1531,37
DIS3L,Stim48hr;Stim8hr,2,0.1534,0.1534,269
COG5,Rest;Stim48hr;Stim8hr,3,0.1535,0.1151,779
OGA,Rest;Stim8hr,2,0.1546,0.1546,49
WDR44,Rest;Stim48hr;Stim8hr,3,0.1554,0.131,271
ZNF142,Rest;Stim48hr;Stim8hr,3,0.1556,0.123,478
RFWD3,Rest;Stim8hr,2,0.156,0.156,88
PRIMPOL,Rest;Stim48hr,2,0.156,0.156,40
PMPCB,Rest;Stim8hr,2,0.1563,0.1563,64
PTPN1,Rest;Stim48hr;Stim8hr,3,0.157,0.061,383
STUB1,Rest;Stim8hr,2,0.1576,0.1576,66
MBIP,Stim48hr;Stim8hr,2,0.1586,0.1586,307
PELO,Rest;Stim48hr;Stim8hr,3,0.1598,0.1507,274
CGGBP1,Rest;Stim8hr,2,0.1602,0.1602,25
WBP4,Rest;Stim48hr;Stim8hr,3,0.1602,0.1531,202
CAPZA1,Stim48hr;Stim8hr,2,0.1609,0.1609,54
NDUFA8,Rest;Stim48hr,2,0.1611,0.1611,1037
EXOC1,Rest;Stim48hr;Stim8hr,3,0.1617,0.1252,117
SPTSSA,Stim48hr;Stim8hr,2,0.1624,0.1624,249
GNG5,Stim48hr;Stim8hr,2,0.1632,0.1632,222
COQ6,Stim48hr;Stim8hr,2,0.1638,0.1638,799
FBXL19,Rest;Stim48hr,2,0.1639,0.1639,44
MIDN,Rest;Stim8hr,2,0.1641,0.1641,58
ANKRD49,Rest;Stim48hr;Stim8hr,3,0.1641,0.1414,550
ITPA,Rest;Stim48hr,2,0.1643,0.1643,42
TRIR,Rest;Stim8hr,2,0.1644,0.1644,36
TEDC2,Rest;Stim8hr,2,0.1646,0.1646,131
LAMTOR1,Rest;Stim8hr,2,0.1646,0.1646,33
MAPRE3,Rest;Stim48hr,2,0.1646,0.1646,150
C9orf78,Stim48hr;Stim8hr,2,0.1649,0.1649,151
CD2BP2,Rest;Stim48hr;Stim8hr,3,0.1652,0.1261,80
CNOT9,Rest;Stim48hr;Stim8hr,3,0.1658,0.147,250
LUC7L3,Rest;Stim48hr;Stim8hr,3,0.1669,0.1594,164
DAZAP1,Rest;Stim48hr;Stim8hr,3,0.1674,0.1576,28
EMC6,Rest;Stim48hr;Stim8hr,3,0.1675,0.1329,551
NSUN4,Rest;Stim48hr;Stim8hr,3,0.1675,0.1072,1025
GSS,Rest;Stim48hr;Stim8hr,3,0.1679,0.1203,423
PPIF,Rest;Stim8hr,2,0.168,0.168,218
UQCRC2,Stim48hr;Stim8hr,2,0.1682,0.1682,176
AP1M1,Rest;Stim48hr,2,0.1685,0.1685,28
CHORDC1,Rest;Stim48hr;Stim8hr,3,0.1688,0.1355,158
TRIM14,Rest;Stim48hr,2,0.1689,0.1689,138
SH3GL1,Rest;Stim48hr,2,0.1692,0.1692,324
PA2G4,Rest;Stim48hr;Stim8hr,3,0.1694,0.1525,50
HMGXB3,Stim48hr;Stim8hr,2,0.1695,0.1695,87
ZHX3,Rest;Stim48hr,2,0.1696,0.1696,126
THRA,Rest;Stim48hr,2,0.1697,0.1697,336
YBX1,Rest;Stim48hr;Stim8hr,3,0.17,0.1493,155
DHX30,Stim48hr;Stim8hr,2,0.1701,0.1701,276
CTNNB1,Stim48hr;Stim8hr,2,0.1706,0.1706,59
NR4A3,Stim48hr;Stim8hr,2,0.1709,0.1709,395
RABGEF1,Rest;Stim48hr,2,0.1717,0.1717,127
COX7C,Stim48hr;Stim8hr,2,0.172,0.172,114
MTHFD1L,Stim48hr;Stim8hr,2,0.1726,0.1726,715
CYB5R4,Rest;Stim48hr;Stim8hr,3,0.1727,0.1281,1674
XIAP,Stim48hr;Stim8hr,2,0.1737,0.1737,74
ZC3HC1,Rest;Stim48hr;Stim8hr,3,0.174,0.1312,100
VPS45,Rest;Stim48hr;Stim8hr,3,0.174,0.1161,109
COQ4,Rest;Stim48hr;Stim8hr,3,0.1741,0.1486,94
PRELID1,Rest;Stim48hr,2,0.1741,0.1741,116
ANKZF1,Rest;Stim8hr,2,0.1743,0.1743,150
MECR,Rest;Stim48hr;Stim8hr,3,0.1747,0.1609,29
LAMTOR5,Rest;Stim48hr,2,0.1749,0.1749,345
MICOS10,Rest;Stim48hr,2,0.175,0.175,460
DCAF16,Rest;Stim8hr,2,0.1756,0.1756,139
TRMT61A,Rest;Stim48hr;Stim8hr,3,0.1761,0.0822,240
PGM1,Rest;Stim8hr,2,0.1762,0.1762,43
ACTR3,Rest;Stim48hr;Stim8hr,3,0.1762,0.1482,208
RNF7,Rest;Stim48hr;Stim8hr,3,0.1762,0.1306,61
CAD,Rest;Stim8hr,2,0.1764,0.1764,609
IMMT,Rest;Stim8hr,2,0.1771,0.1771,281
SCAP,Rest;Stim48hr;Stim8hr,3,0.1773,0.146,233
TP73,Rest;Stim48hr;Stim8hr,3,0.1776,0.1403,109
GSTP1,Rest;Stim8hr,2,0.1778,0.1778,34
DNAJC21,Rest;Stim8hr,2,0.1779,0.1779,132
PARS2,Rest;Stim48hr;Stim8hr,3,0.1779,0.1498,650
REST,Rest;Stim48hr;Stim8hr,3,0.1781,0.1362,186
HEATR3,Rest;Stim48hr;Stim8hr,3,0.1784,0.1389,416
IBA57,Stim48hr;Stim8hr,2,0.1784,0.1784,918
LRRC8B,Rest;Stim48hr;Stim8hr,3,0.1787,0.1366,57
CEP89,Rest;Stim48hr;Stim8hr,3,0.1788,0.1281,175
MYSM1,Stim48hr;Stim8hr,2,0.1788,0.1788,37
SUPV3L1,Stim48hr;Stim8hr,2,0.1794,0.1794,65
FOXM1,Rest;Stim48hr,2,0.1797,0.1797,45
NOP53,Rest;Stim8hr,2,0.1799,0.1799,176
VPS26B,Stim48hr;Stim8hr,2,0.18,0.18,176
ZRANB2,Rest;Stim48hr;Stim8hr,3,0.1801,0.1503,171
MANF,Rest;Stim48hr,2,0.1804,0.1804,76
TEFM,Rest;Stim48hr;Stim8hr,3,0.1805,0.1565,87
ZBTB44,Rest;Stim48hr;Stim8hr,3,0.181,0.1663,210
DHRS7,Rest;Stim48hr;Stim8hr,3,0.1818,0.1458,177
ADO,Rest;Stim8hr,2,0.1819,0.1819,667
PTCD2,Rest;Stim48hr;Stim8hr,3,0.1819,0.1361,699
XRN1,Rest;Stim48hr;Stim8hr,3,0.182,0.1395,447
METRN,Rest;Stim8hr,2,0.1821,0.1821,77
CMTR1,Rest;Stim48hr;Stim8hr,3,0.1823,0.1703,194
ATP5F1A,Rest;Stim48hr;Stim8hr,3,0.1832,0.0943,1020
KATNIP,Rest;Stim48hr;Stim8hr,3,0.1833,0.1164,676
UVRAG,Rest;Stim8hr,2,0.1834,0.1834,1195
CMAS,Rest;Stim8hr,2,0.1835,0.1835,95
EIF3L,Rest;Stim48hr;Stim8hr,3,0.184,0.128,205
FASTKD5,Rest;Stim48hr,2,0.1842,0.1842,320
STXBP4,Rest;Stim8hr,2,0.1843,0.1843,432
TASOR2,Stim48hr;Stim8hr,2,0.1843,0.1843,40
VPS35,Stim48hr;Stim8hr,2,0.1844,0.1844,265
POLDIP3,Rest;Stim48hr;Stim8hr,3,0.1845,0.1127,261
CHUK,Rest;Stim8hr,2,0.1846,0.1846,34
RNASEH1,Rest;Stim48hr,2,0.1849,0.1849,627
GNA13,Rest;Stim48hr,2,0.1856,0.1856,758
PRCC,Stim48hr;Stim8hr,2,0.1856,0.1856,52
SPTLC2,Rest;Stim48hr;Stim8hr,3,0.1857,0.1757,231
ZNF622,Stim48hr;Stim8hr,2,0.1858,0.1858,67
ABI3,Rest;Stim8hr,2,0.1858,0.1858,1035
TTC14,Rest;Stim8hr,2,0.186,0.186,35
FLAD1,Rest;Stim48hr;Stim8hr,3,0.1865,0.1767,402
PTPMT1,Rest;Stim8hr,2,0.1867,0.1867,28
SBDS,Rest;Stim48hr,2,0.1869,0.1869,77
CERT1,Rest;Stim48hr;Stim8hr,3,0.1871,0.1749,82
ZCRB1,Rest;Stim48hr;Stim8hr,3,0.1873,0.138,125
PARP2,Stim48hr;Stim8hr,2,0.1878,0.1878,176
RANBP3,Rest;Stim48hr;Stim8hr,3,0.1878,0.1654,167
TCEAL3,Rest;Stim48hr,2,0.1886,0.1886,453
COA3,Rest;Stim48hr;Stim8hr,3,0.1886,0.1675,533
EIPR1,Rest;Stim48hr;Stim8hr,3,0.1887,0.1396,272
ZFYVE21,Rest;Stim48hr;Stim8hr,3,0.1888,0.1656,266
COMMD10,Rest;Stim48hr;Stim8hr,3,0.1891,0.1621,178
DPH6,Rest;Stim48hr;Stim8hr,3,0.1891,0.1521,717
PPP1R15B,Rest;Stim48hr;Stim8hr,3,0.1892,0.1559,198
YEATS2,Rest;Stim48hr;Stim8hr,3,0.1893,0.1778,697
PNPT1,Rest;Stim48hr;Stim8hr,3,0.1896,0.1563,1237
SMS,Rest;Stim48hr;Stim8hr,3,0.1897,0.1721,73
ARGLU1,Rest;Stim8hr,2,0.1911,0.1911,42
ARPC3,Rest;Stim48hr;Stim8hr,3,0.1912,0.1601,905
NFE2L1,Rest;Stim48hr;Stim8hr,3,0.1913,0.1706,122
GOLT1B,Stim48hr;Stim8hr,2,0.1915,0.1915,84
DCLRE1A,Stim48hr;Stim8hr,2,0.1916,0.1916,471
MTRR,Rest;Stim48hr,2,0.1918,0.1918,106
EARS2,Rest;Stim48hr;Stim8hr,3,0.1919,0.1566,407
ZFR,Rest;Stim8hr,2,0.1921,0.1921,122
UBXN7,Rest;Stim8hr,2,0.1923,0.1923,29
HDAC7,Rest;Stim48hr;Stim8hr,3,0.1923,0.1704,134
EIF4A2,Rest;Stim8hr,2,0.1923,0.1923,138
VPS41,Rest;Stim48hr;Stim8hr,3,0.1925,0.1641,303
GTF3C5,Stim48hr;Stim8hr,2,0.1926,0.1926,238
SPOP,Rest;Stim48hr;Stim8hr,3,0.1927,0.1731,148
KMT2E,Rest;Stim48hr;Stim8hr,3,0.1927,0.1688,895
EIF4H,Rest;Stim48hr;Stim8hr,3,0.1928,0.1207,224
CARD11,Rest;Stim48hr;Stim8hr,3,0.1932,0.1441,407
MRRF,Rest;Stim48hr;Stim8hr,3,0.1938,0.1809,296
COA7,Rest;Stim48hr;Stim8hr,3,0.1941,0.1768,543
PPP1R13L,Rest;Stim48hr;Stim8hr,3,0.1945,0.1472,376
BMI1,Rest;Stim8hr,2,0.1945,0.1945,91
UQCRQ,Rest;Stim8hr,2,0.1948,0.1948,266
RAB33A,Rest;Stim8hr,2,0.195,0.195,43
IFT25,Rest;Stim8hr,2,0.1953,0.1953,30
ACTR2,Rest;Stim48hr;Stim8hr,3,0.196,0.1692,1048
BLOC1S2,Rest;Stim48hr;Stim8hr,3,0.1961,0.1676,52
MLX,Rest;Stim8hr,2,0.1962,0.1962,39
DLD,Rest;Stim8hr,2,0.1966,0.1966,105
ZRSR2,Rest;Stim48hr;Stim8hr,3,0.1972,0.1679,423
NUP188,Rest;Stim48hr;Stim8hr,3,0.1973,0.1572,611
DDX31,Stim48hr;Stim8hr,2,0.1975,0.1975,75
GARS1,Stim48hr;Stim8hr,2,0.1975,0.1975,55
MAN2A2,Rest;Stim8hr,2,0.1975,0.1975,48
HNRNPM,Rest;Stim8hr,2,0.1976,0.1976,139
RPRD1B,Rest;Stim48hr;Stim8hr,3,0.1981,0.1485,577
MOCS3,Rest;Stim8hr,2,0.1982,0.1982,144
INTS15,Rest;Stim48hr;Stim8hr,3,0.1985,0.1703,295
CCDC6,Rest;Stim48hr;Stim8hr,3,0.1991,0.1564,184
SNAP23,Rest;Stim48hr;Stim8hr,3,0.1998,0.1859,187
SARS2,Rest;Stim48hr;Stim8hr,3,0.2002,0.1899,416
STYX,Rest;Stim8hr,2,0.2002,0.2002,33
EMC4,Rest;Stim48hr;Stim8hr,3,0.2003,0.1841,595
CLASRP,Rest;Stim48hr;Stim8hr,3,0.2006,0.186,361
SEPTIN7,Stim48hr;Stim8hr,2,0.2007,0.2007,55
DEF6,Stim48hr;Stim8hr,2,0.2007,0.2007,59
TANK,Stim48hr;Stim8hr,2,0.2009,0.2009,32
HOXB4,Rest;Stim48hr;Stim8hr,3,0.201,0.1733,196
RUNX2,Stim48hr;Stim8hr,2,0.2012,0.2012,34
UBE2D3,Rest;Stim48hr,2,0.2012,0.2012,30
PYGM,Rest;Stim8hr,2,0.2012,0.2012,109
CNOT10,Rest;Stim48hr;Stim8hr,3,0.2016,0.1569,90
PTBP1,Rest;Stim48hr;Stim8hr,3,0.2018,0.1522,214
PFAS,Rest;Stim8hr,2,0.2019,0.2019,223
ALG5,Rest;Stim48hr;Stim8hr,3,0.202,0.1789,37
E2F1,Rest;Stim48hr;Stim8hr,3,0.2022,0.1922,389
SNRPB2,Stim48hr;Stim8hr,2,0.2024,0.2024,153
VPS29,Rest;Stim8hr,2,0.2025,0.2025,459
FAM20B,Rest;Stim8hr,2,0.2027,0.2027,188
ITPK1,Rest;Stim48hr;Stim8hr,3,0.2031,0.1818,89
HSD17B10,Rest;Stim48hr;Stim8hr,3,0.2032,0.1521,679
TTC5,Rest;Stim48hr;Stim8hr,3,0.2033,0.1543,230
MTHFD1,Rest;Stim48hr;Stim8hr,3,0.2035,0.1482,1187
DHPS,Rest;Stim48hr;Stim8hr,3,0.2036,0.1719,531
DGKZ,Rest;Stim48hr;Stim8hr,3,0.204,0.1818,127
PGAM1,Stim48hr;Stim8hr,2,0.2041,0.2041,171
GNS,Rest;Stim48hr;Stim8hr,3,0.2041,0.1747,369
TUFM,Rest;Stim48hr;Stim8hr,3,0.2045,0.1557,651
DDX42,Stim48hr;Stim8hr,2,0.2048,0.2048,150
ARPC1B,Stim48hr;Stim8hr,2,0.2048,0.2048,64
ARID1A,Rest;Stim48hr;Stim8hr,3,0.205,0.1901,100
DOT1L,Rest;Stim48hr;Stim8hr,3,0.2052,0.1748,435
TXNDC9,Stim48hr;Stim8hr,2,0.2053,0.2053,116
TARBP2,Rest;Stim48hr;Stim8hr,3,0.2053,0.1829,213
SERF2,Rest;Stim48hr,2,0.2053,0.2053,40
ADCY4,Rest;Stim48hr,2,0.2056,0.2056,272
SND1,Rest;Stim48hr;Stim8hr,3,0.2056,0.1725,362
TATDN2,Rest;Stim48hr;Stim8hr,3,0.2057,0.1841,198
PQBP1,Rest;Stim48hr;Stim8hr,3,0.2058,0.1853,84
BAP1,Stim48hr;Stim8hr,2,0.206,0.206,257
GPALPP1,Rest;Stim48hr;Stim8hr,3,0.2062,0.1955,155
UBE2F,Stim48hr;Stim8hr,2,0.2062,0.2062,101
HIPK1,Rest;Stim48hr;Stim8hr,3,0.2064,0.1517,39
CUL5,Stim48hr;Stim8hr,2,0.2068,0.2068,51
RBM18,Stim48hr;Stim8hr,2,0.2071,0.2071,382
ZNF507,Stim48hr;Stim8hr,2,0.2076,0.2076,71
SACM1L,Rest;Stim8hr,2,0.2076,0.2076,706
TIMM8B,Rest;Stim48hr;Stim8hr,3,0.2077,0.1821,499
VARS2,Rest;Stim48hr;Stim8hr,3,0.2083,0.1757,1146
PDSS1,Rest;Stim48hr;Stim8hr,3,0.2091,0.1689,384
ANP32B,Rest;Stim48hr;Stim8hr,3,0.2094,0.2034,273
CYTH3,Rest;Stim8hr,2,0.2095,0.2095,98
WARS2,Rest;Stim48hr;Stim8hr,3,0.2096,0.1444,938
INO80B,Rest;Stim48hr;Stim8hr,3,0.2096,0.1669,427
C11orf54,Rest;Stim48hr;Stim8hr,3,0.21,0.1625,1044
SHQ1,Rest;Stim8hr,2,0.2104,0.2104,230
CYCS,Stim48hr;Stim8hr,2,0.2109,0.2109,162
COX6C,Rest;Stim48hr;Stim8hr,3,0.211,0.1915,1493
MTERF3,Rest;Stim48hr;Stim8hr,3,0.211,0.1634,439
NFKB1,Rest;Stim48hr;Stim8hr,3,0.2111,0.1961,204
TTC4,Rest;Stim8hr,2,0.2111,0.2111,490
PABIR1,Rest;Stim8hr,2,0.2112,0.2112,71
NPC2,Rest;Stim48hr;Stim8hr,3,0.2113,0.1438,2419
CTPS1,Rest;Stim8hr,2,0.2123,0.2123,891
GIT2,Rest;Stim48hr,2,0.2123,0.2123,28
TADA3,Rest;Stim48hr;Stim8hr,3,0.2129,0.1675,230
FBXO28,Rest;Stim48hr;Stim8hr,3,0.2131,0.1802,301
TMX2,Rest;Stim8hr,2,0.2134,0.2134,118
QNG1,Rest;Stim48hr;Stim8hr,3,0.2136,0.1747,187
ZC3H3,Rest;Stim48hr;Stim8hr,3,0.2141,0.1867,230
COMMD5,Stim48hr;Stim8hr,2,0.2142,0.2142,221
LIG1,Rest;Stim48hr;Stim8hr,3,0.2145,0.1971,1056
FBXO3,Rest;Stim8hr,2,0.2146,0.2146,178
CCDC22,Rest;Stim48hr,2,0.2149,0.2149,618
NKTR,Rest;Stim8hr,2,0.2156,0.2156,36
RAD51B,Rest;Stim48hr;Stim8hr,3,0.2157,0.1957,172
RIDA,Stim48hr;Stim8hr,2,0.2158,0.2158,553
CTU1,Stim48hr;Stim8hr,2,0.216,0.216,296
GALNT6,Rest;Stim48hr;Stim8hr,3,0.2161,0.1882,361
POC1B,Stim48hr;Stim8hr,2,0.2163,0.2163,28
TARS2,Rest;Stim48hr;Stim8hr,3,0.2163,0.1608,1823
USP36,Stim48hr;Stim8hr,2,0.2164,0.2164,97
NAA20,Rest;Stim48hr;Stim8hr,3,0.2167,0.1815,562
SRM,Stim48hr;Stim8hr,2,0.2172,0.2172,114
MLYCD,Rest;Stim48hr,2,0.2172,0.2172,519
LRPPRC,Rest;Stim48hr;Stim8hr,3,0.2173,0.1577,1925
IPO9,Rest;Stim48hr;Stim8hr,3,0.2176,0.1743,417
CYC1,Rest;Stim48hr;Stim8hr,3,0.2183,0.2107,481
ZCCHC8,Rest;Stim48hr;Stim8hr,3,0.2184,0.2114,127
UQCRB,Rest;Stim48hr;Stim8hr,3,0.2185,0.1806,578
PCBP1,Rest;Stim48hr;Stim8hr,3,0.2189,0.1925,615
GTF2A1,Stim48hr;Stim8hr,2,0.2191,0.2191,42
PHF10,Rest;Stim48hr;Stim8hr,3,0.2192,0.1944,296
POLG,Rest;Stim48hr;Stim8hr,3,0.2195,0.1756,1600
PHF8,Stim48hr;Stim8hr,2,0.2197,0.2197,314
EXOC7,Rest;Stim48hr;Stim8hr,3,0.22,0.2066,424
SHMT2,Stim48hr;Stim8hr,2,0.2201,0.2201,187
INIP,Rest;Stim8hr,2,0.2208,0.2208,69
DHX9,Rest;Stim48hr;Stim8hr,3,0.2216,0.1904,187
CASK,Rest;Stim48hr,2,0.2216,0.2216,169
ATP5F1E,Rest;Stim48hr,2,0.2217,0.2217,425
BCL3,Rest;Stim48hr;Stim8hr,3,0.2219,0.2046,230
SZRD1,Rest;Stim48hr;Stim8hr,3,0.2222,0.1839,318
FBXO42,Rest;Stim48hr;Stim8hr,3,0.2224,0.2155,374
RTTN,Rest;Stim8hr,2,0.2226,0.2226,108
RAC2,Rest;Stim48hr;Stim8hr,3,0.2229,0.1564,1094
EMC9,Rest;Stim8hr,2,0.2229,0.2229,175
PLA2G12A,Stim48hr;Stim8hr,2,0.223,0.223,40
PPIL1,Rest;Stim48hr;Stim8hr,3,0.2231,0.201,570
BLZF1,Rest;Stim48hr,2,0.2232,0.2232,453
PGGT1B,Rest;Stim8hr,2,0.2235,0.2235,3013
CEP350,Rest;Stim48hr;Stim8hr,3,0.2237,0.2044,73
ZBTB14,Stim48hr;Stim8hr,2,0.2248,0.2248,210
WAPL,Rest;Stim48hr;Stim8hr,3,0.2249,0.1355,875
PPP4C,Rest;Stim48hr;Stim8hr,3,0.2251,0.1324,171
ALG8,Rest;Stim48hr;Stim8hr,3,0.2252,0.1413,806
TRAF6,Stim48hr;Stim8hr,2,0.2252,0.2252,82
ORAI1,Stim48hr;Stim8hr,2,0.2252,0.2252,1249
PIBF1,Rest;Stim8hr,2,0.2255,0.2255,71
SYNCRIP,Rest;Stim48hr,2,0.2255,0.2255,54
N6AMT1,Stim48hr;Stim8hr,2,0.2255,0.2255,510
CCDC93,Rest;Stim48hr;Stim8hr,3,0.2256,0.2088,402
BRAT1,Rest;Stim48hr;Stim8hr,3,0.226,0.2106,218
C2CD2L,Rest;Stim8hr,2,0.2265,0.2265,62
TIMP1,Stim48hr;Stim8hr,2,0.227,0.227,100
SBNO1,Rest;Stim8hr,2,0.2272,0.2272,228
ISCA2,Rest;Stim48hr;Stim8hr,3,0.2275,0.1868,1500
NUDT5,Rest;Stim8hr,2,0.2275,0.2275,117
ELP4,Rest;Stim48hr;Stim8hr,3,0.2275,0.1846,191
BCS1L,Rest;Stim48hr;Stim8hr,3,0.2278,0.1779,1337
SMARCD1,Rest;Stim48hr;Stim8hr,3,0.228,0.1986,100
SLC25A26,Stim48hr;Stim8hr,2,0.228,0.228,202
QRICH1,Rest;Stim8hr,2,0.2282,0.2282,78
EXOSC1,Rest;Stim8hr,2,0.2283,0.2283,365
EID2,Rest;Stim48hr;Stim8hr,3,0.2287,0.182,95
FANCF,Rest;Stim48hr,2,0.2291,0.2291,80
CHURC1,Rest;Stim8hr,2,0.2295,0.2295,157
THAP5,Rest;Stim48hr,2,0.23,0.23,89
FAF2,Rest;Stim48hr;Stim8hr,3,0.2302,0.2127,301
IMPDH2,Rest;Stim48hr;Stim8hr,3,0.2302,0.2157,1054
SLC17A5,Rest;Stim8hr,2,0.2307,0.2307,266
RCN1,Rest;Stim8hr,2,0.2308,0.2308,175
TFAM,Rest;Stim48hr;Stim8hr,3,0.2309,0.1984,2960
RBM27,Rest;Stim48hr;Stim8hr,3,0.231,0.1658,725
IFNAR2,Rest;Stim8hr,2,0.2314,0.2314,24
CIR1,Rest;Stim8hr,2,0.2316,0.2316,33
MMGT1,Rest;Stim48hr;Stim8hr,3,0.2317,0.2065,729
ATP2B1,Stim48hr;Stim8hr,2,0.232,0.232,42
FANCA,Rest;Stim48hr,2,0.2321,0.2321,39
ZNF71,Rest;Stim48hr,2,0.2322,0.2322,291
AP1S2,Rest;Stim8hr,2,0.2324,0.2324,220
GCN1,Rest;Stim48hr;Stim8hr,3,0.2329,0.2244,277
MFSD6,Rest;Stim48hr;Stim8hr,3,0.2329,0.1517,85
SUMO3,Stim48hr;Stim8hr,2,0.233,0.233,37
PMVK,Rest;Stim48hr;Stim8hr,3,0.2332,0.1785,3527
ATF4,Rest;Stim48hr;Stim8hr,3,0.2332,0.2057,1061
SOCS3,Rest;Stim48hr;Stim8hr,3,0.2333,0.1799,161
BPTF,Rest;Stim48hr;Stim8hr,3,0.2336,0.1916,603
DNAAF2,Stim48hr;Stim8hr,2,0.234,0.234,200
CDYL,Rest;Stim48hr;Stim8hr,3,0.2341,0.2174,64
FAM204A,Stim48hr;Stim8hr,2,0.2341,0.2341,139
PTDSS2,Rest;Stim8hr,2,0.2347,0.2347,100
RWDD2B,Rest;Stim8hr,2,0.2352,0.2352,719
OTUB1,Rest;Stim48hr;Stim8hr,3,0.2353,0.2136,304
MED14,Rest;Stim48hr;Stim8hr,3,0.2353,0.2165,366
FANCE,Rest;Stim48hr;Stim8hr,3,0.2354,0.2119,50
NELFCD,Rest;Stim48hr;Stim8hr,3,0.2356,0.2033,1024
CYP4V2,Rest;Stim48hr;Stim8hr,3,0.2357,0.2063,264
CLUH,Rest;Stim48hr;Stim8hr,3,0.2358,0.2283,102
ZBED1,Rest;Stim8hr,2,0.2359,0.2359,112
EIF4A1,Rest;Stim48hr;Stim8hr,3,0.2362,0.2006,538
ARHGAP45,Rest;Stim8hr,2,0.2363,0.2363,49
MTMR10,Rest;Stim48hr;Stim8hr,3,0.2367,0.2294,212
IRF2,Rest;Stim48hr;Stim8hr,3,0.237,0.192,240
UQCRC1,Rest;Stim8hr,2,0.2373,0.2373,527
COPS8,Rest;Stim48hr,2,0.2378,0.2378,545
SIAH2,Rest;Stim48hr;Stim8hr,3,0.2379,0.2048,68
PRRC2A,Rest;Stim48hr;Stim8hr,3,0.2379,0.2065,121
WDR24,Stim48hr;Stim8hr,2,0.2382,0.2382,128
NDEL1,Stim48hr;Stim8hr,2,0.2385,0.2385,48
GATAD2B,Rest;Stim8hr,2,0.2387,0.2387,44
ZMYND19,Rest;Stim48hr;Stim8hr,3,0.2389,0.2032,143
COX4I1,Rest;Stim48hr;Stim8hr,3,0.239,0.1984,483
MEF2D,Stim48hr;Stim8hr,2,0.2391,0.2391,42
ECSIT,Stim48hr;Stim8hr,2,0.2392,0.2392,693
CLDND1,Rest;Stim48hr;Stim8hr,3,0.2392,0.183,55
CHD2,Stim48hr;Stim8hr,2,0.2393,0.2393,32
SLC35E3,Rest;Stim8hr,2,0.2393,0.2393,38
IRF2BP1,Rest;Stim48hr;Stim8hr,3,0.2394,0.2152,203
KIF20A,Rest;Stim48hr;Stim8hr,3,0.2397,0.1638,1779
ADRM1,Stim48hr;Stim8hr,2,0.24,0.24,30
STAG1,Rest;Stim8hr,2,0.2402,0.2402,38
CDIPT,Rest;Stim8hr,2,0.2403,0.2403,375
NASP,Rest;Stim8hr,2,0.2404,0.2404,242
LIN37,Rest;Stim48hr;Stim8hr,3,0.2405,0.213,258
COX15,Stim48hr;Stim8hr,2,0.2407,0.2407,246
EDC4,Stim48hr;Stim8hr,2,0.2409,0.2409,28
UBIAD1,Stim48hr;Stim8hr,2,0.2414,0.2414,153
INO80,Rest;Stim48hr;Stim8hr,3,0.2418,0.1981,340
SRR,Rest;Stim48hr;Stim8hr,3,0.2418,0.2184,812
SSR2,Rest;Stim48hr;Stim8hr,3,0.2419,0.2195,81
INSIG1,Rest;Stim48hr;Stim8hr,3,0.2424,0.1819,730
GAB2,Stim48hr;Stim8hr,2,0.2425,0.2425,55
COX17,Stim48hr;Stim8hr,2,0.2427,0.2427,97
CCDC28B,Rest;Stim8hr,2,0.2428,0.2428,417
ERN1,Rest;Stim8hr,2,0.2432,0.2432,123
MPI,Rest;Stim48hr;Stim8hr,3,0.2437,0.148,2294
ZNF710,Rest;Stim48hr;Stim8hr,3,0.2441,0.2095,393
TLN1,Rest;Stim48hr;Stim8hr,3,0.2441,0.1853,375
CCNF,Rest;Stim48hr;Stim8hr,3,0.2442,0.2078,614
MPG,Stim48hr;Stim8hr,2,0.2443,0.2443,165
VEZF1,Rest;Stim48hr;Stim8hr,3,0.2444,0.2242,41
PCM1,Rest;Stim8hr,2,0.2445,0.2445,91
LARS2,Rest;Stim8hr,2,0.2446,0.2446,812
SPEN,Rest;Stim48hr,2,0.2448,0.2448,25
EIF2AK4,Rest;Stim48hr;Stim8hr,3,0.2449,0.2187,39
SRSF11,Rest;Stim48hr;Stim8hr,3,0.2453,0.1344,506
GJC1,Rest;Stim48hr;Stim8hr,3,0.2456,0.1615,284
RRAGC,Rest;Stim48hr;Stim8hr,3,0.2457,0.2189,1318
UBXN6,Rest;Stim48hr;Stim8hr,3,0.2458,0.2091,161
NDUFB4,Rest;Stim48hr,2,0.2459,0.2459,228
DDX39B,Stim48hr;Stim8hr,2,0.2459,0.2459,92
CRYZL1,Rest;Stim8hr,2,0.246,0.246,1211
JAK2,Rest;Stim8hr,2,0.246,0.246,33
TMEM79,Rest;Stim48hr;Stim8hr,3,0.2461,0.2355,629
NLGN2,Rest;Stim48hr,2,0.2463,0.2463,59
DPH2,Rest;Stim48hr,2,0.2464,0.2464,170
HSP90AB1,Stim48hr;Stim8hr,2,0.2468,0.2468,29
PDPK1,Rest;Stim48hr;Stim8hr,3,0.2469,0.2329,309
BRD9,Rest;Stim48hr;Stim8hr,3,0.2471,0.2221,142
MCM8,Rest;Stim48hr;Stim8hr,3,0.2471,0.19,355
CCNK,Rest;Stim48hr;Stim8hr,3,0.2472,0.2164,661
MAPKAP1,Rest;Stim48hr,2,0.2473,0.2473,264
XPO6,Rest;Stim8hr,2,0.2473,0.2473,36
TMEM254,Rest;Stim8hr,2,0.2477,0.2477,39
STAT2,Rest;Stim48hr;Stim8hr,3,0.2479,0.2321,42
PDCD10,Rest;Stim48hr;Stim8hr,3,0.248,0.2409,297
EEF1E1,Rest;Stim8hr,2,0.248,0.248,30
YPEL5,Rest;Stim8hr,2,0.2481,0.2481,56
LSM14A,Rest;Stim48hr;Stim8hr,3,0.2485,0.2217,136
PMM2,Rest;Stim8hr,2,0.2489,0.2489,277
GLRX3,Rest;Stim8hr,2,0.249,0.249,98
RPUSD1,Rest;Stim48hr;Stim8hr,3,0.2494,0.2163,224
TM9SF3,Rest;Stim48hr;Stim8hr,3,0.2496,0.2086,95
DPH1,Rest;Stim48hr;Stim8hr,3,0.2496,0.2205,508
MED1,Rest;Stim48hr;Stim8hr,3,0.2497,0.2193,818
FANCI,Rest;Stim8hr,2,0.2497,0.2497,83
OTUD4,Rest;Stim48hr;Stim8hr,3,0.25,0.2311,35
ARPC2,Rest;Stim48hr;Stim8hr,3,0.2505,0.2279,1038
CHTF18,Rest;Stim48hr;Stim8hr,3,0.2508,0.2291,857
SLC25A3,Rest;Stim8hr,2,0.2509,0.2509,75
TMEM94,Stim48hr;Stim8hr,2,0.251,0.251,24
KHDRBS1,Rest;Stim48hr;Stim8hr,3,0.251,0.2391,935
ESRRA,Stim48hr;Stim8hr,2,0.251,0.251,24
COX11,Rest;Stim8hr,2,0.2513,0.2513,373
EIF3J,Rest;Stim48hr;Stim8hr,3,0.2513,0.2012,429
SETD1B,Rest;Stim48hr;Stim8hr,3,0.2513,0.1983,218
KAT7,Rest;Stim48hr,2,0.2514,0.2514,334
DIS3,Rest;Stim8hr,2,0.2515,0.2515,386
RBM33,Rest;Stim48hr;Stim8hr,3,0.2522,0.1921,814
AKIRIN2,Rest;Stim8hr,2,0.2523,0.2523,36
ANKRD40,Rest;Stim8hr,2,0.2524,0.2524,45
RFT1,Stim48hr;Stim8hr,2,0.2525,0.2525,427
ELP1,Rest;Stim48hr;Stim8hr,3,0.2526,0.1942,827
FPGS,Stim48hr;Stim8hr,2,0.2527,0.2527,108
CEP135,Stim48hr;Stim8hr,2,0.2529,0.2529,124
COX6B1,Rest;Stim8hr,2,0.253,0.253,130
TEP1,Rest;Stim8hr,2,0.2531,0.2531,1362
PUS3,Rest;Stim8hr,2,0.2533,0.2533,64
MBTPS1,Rest;Stim48hr;Stim8hr,3,0.2534,0.1869,1270
PPIH,Rest;Stim48hr;Stim8hr,3,0.2535,0.228,876
CABIN1,Rest;Stim48hr;Stim8hr,3,0.2536,0.213,190
PPRC1,Rest;Stim48hr;Stim8hr,3,0.2536,0.1869,85
PPM1D,Rest;Stim48hr;Stim8hr,3,0.2536,0.2445,1389
RCHY1,Stim48hr;Stim8hr,2,0.2539,0.2539,23
PDSS2,Rest;Stim48hr;Stim8hr,3,0.2542,0.1881,2226
KLF10,Rest;Stim8hr,2,0.2542,0.2542,79
MTA3,Stim48hr;Stim8hr,2,0.2544,0.2544,1052
PPP1R11,Rest;Stim48hr;Stim8hr,3,0.2544,0.2315,902
MAP3K5,Rest;Stim48hr;Stim8hr,3,0.2547,0.2374,198
CAP1,Rest;Stim48hr;Stim8hr,3,0.2549,0.2457,189
AGRN,Stim48hr;Stim8hr,2,0.2553,0.2553,30
PDLIM2,Rest;Stim48hr;Stim8hr,3,0.256,0.2135,243
PPP6C,Rest;Stim48hr;Stim8hr,3,0.256,0.1695,297
MBD2,Rest;Stim48hr;Stim8hr,3,0.2561,0.1488,926
GPR146,Stim48hr;Stim8hr,2,0.2564,0.2564,87
STK40,Rest;Stim48hr;Stim8hr,3,0.2564,0.2246,228
ALG2,Rest;Stim48hr;Stim8hr,3,0.2568,0.2164,106
BCLAF1,Rest;Stim48hr;Stim8hr,3,0.257,0.2173,114
CWC27,Rest;Stim48hr;Stim8hr,3,0.257,0.2337,77
DUSP12,Rest;Stim8hr,2,0.2571,0.2571,1238
ZNFX1,Rest;Stim8hr,2,0.2571,0.2571,28
TIMM10,Stim48hr;Stim8hr,2,0.2574,0.2574,1055
NLRX1,Rest;Stim48hr,2,0.2575,0.2575,488
FIGNL1,Rest;Stim48hr;Stim8hr,3,0.2576,0.2138,538
AUP1,Stim48hr;Stim8hr,2,0.2577,0.2577,240
ZFC3H1,Rest;Stim48hr;Stim8hr,3,0.258,0.2295,590
LYRM2,Rest;Stim8hr,2,0.258,0.258,62
CAMK1,Rest;Stim48hr;Stim8hr,3,0.2583,0.22,60
MAP3K13,Rest;Stim8hr,2,0.2584,0.2584,51
SCO1,Rest;Stim8hr,2,0.2587,0.2587,400
ARHGAP27,Stim48hr;Stim8hr,2,0.2601,0.2601,933
RAB2B,Rest;Stim48hr;Stim8hr,3,0.2603,0.238,64
BCL6,Stim48hr;Stim8hr,2,0.2604,0.2604,67
MIGA2,Stim48hr;Stim8hr,2,0.2604,0.2604,75
HDAC3,Rest;Stim48hr;Stim8hr,3,0.2607,0.2371,943
UBA2,Rest;Stim48hr;Stim8hr,3,0.2607,0.2307,406
DR1,Rest;Stim48hr;Stim8hr,3,0.261,0.224,594
ABCC1,Rest;Stim48hr;Stim8hr,3,0.2611,0.194,87
GATAD1,Rest;Stim48hr;Stim8hr,3,0.2616,0.2264,166
PGS1,Rest;Stim48hr;Stim8hr,3,0.2622,0.2054,713
SCAF8,Rest;Stim48hr;Stim8hr,3,0.2623,0.2505,118
UBE2G2,Rest;Stim48hr;Stim8hr,3,0.2623,0.2546,244
AASDH,Rest;Stim48hr,2,0.2623,0.2623,150
TOE1,Rest;Stim48hr,2,0.2624,0.2624,38
TMEM131,Rest;Stim48hr,2,0.2626,0.2626,90
VEZT,Rest;Stim48hr;Stim8hr,3,0.2634,0.2469,295
NFKBID,Stim48hr;Stim8hr,2,0.2637,0.2637,158
CAMSAP1,Rest;Stim48hr;Stim8hr,3,0.2638,0.2352,862
SRRD,Rest;Stim48hr;Stim8hr,3,0.2639,0.2118,200
NARS2,Stim48hr;Stim8hr,2,0.264,0.264,170
PFDN5,Rest;Stim8hr,2,0.264,0.264,217
PCGF3,Stim48hr;Stim8hr,2,0.2643,0.2643,50
ADAT2,Rest;Stim48hr;Stim8hr,3,0.2644,0.2325,527
AKAP17A,Rest;Stim48hr;Stim8hr,3,0.2646,0.216,85
APEX1,Rest;Stim48hr;Stim8hr,3,0.2652,0.2295,209
SLC31A1,Rest;Stim48hr;Stim8hr,3,0.2653,0.2342,1343
PACS2,Rest;Stim48hr;Stim8hr,3,0.2656,0.2447,146
PTRH2,Rest;Stim8hr,2,0.2657,0.2657,85
FANCD2,Rest;Stim8hr,2,0.2658,0.2658,106
WDR59,Rest;Stim48hr;Stim8hr,3,0.2659,0.2285,1286
KAT14,Rest;Stim8hr,2,0.2663,0.2663,712
TRMT6,Rest;Stim8hr,2,0.2665,0.2665,106
KEAP1,Rest;Stim48hr;Stim8hr,3,0.2666,0.2555,219
FBXW7,Rest;Stim48hr;Stim8hr,3,0.2673,0.212,191
UBE2H,Rest;Stim8hr,2,0.2673,0.2673,236
SSR1,Rest;Stim48hr,2,0.2675,0.2675,40
FAM120A,Rest;Stim8hr,2,0.2677,0.2677,31
DTWD1,Rest;Stim48hr;Stim8hr,3,0.2682,0.2347,172
CCS,Rest;Stim48hr;Stim8hr,3,0.2685,0.2148,884
PKM,Rest;Stim48hr;Stim8hr,3,0.2686,0.2232,1840
SOCS4,Rest;Stim48hr;Stim8hr,3,0.2687,0.2359,524
PUDP,Stim48hr;Stim8hr,2,0.2688,0.2688,68
AIP,Rest;Stim48hr;Stim8hr,3,0.2688,0.259,302
ZNF554,Rest;Stim48hr;Stim8hr,3,0.269,0.2444,658
NDUFB11,Rest;Stim48hr;Stim8hr,3,0.2691,0.2522,224
RALGAPB,Rest;Stim8hr,2,0.2692,0.2692,82
ALG12,Rest;Stim48hr;Stim8hr,3,0.2695,0.1808,67
TASP1,Rest;Stim48hr;Stim8hr,3,0.2696,0.2645,67
TRIM28,Rest;Stim48hr;Stim8hr,3,0.2698,0.2478,33
TMEM259,Rest;Stim8hr,2,0.27,0.27,65
UFL1,Rest;Stim48hr;Stim8hr,3,0.27,0.2344,1320
MIA2,Rest;Stim48hr,2,0.2703,0.2703,1565
EZH2,Rest;Stim48hr;Stim8hr,3,0.2705,0.2315,406
PDCD2L,Rest;Stim48hr;Stim8hr,3,0.2706,0.2028,1045
RDH13,Rest;Stim8hr,2,0.2709,0.2709,124
TBPL1,Rest;Stim48hr;Stim8hr,3,0.2709,0.2333,57
TRIB2,Rest;Stim8hr,2,0.2709,0.2709,107
DDX5,Stim48hr;Stim8hr,2,0.271,0.271,37
XRRA1,Rest;Stim48hr;Stim8hr,3,0.271,0.1614,2123
PRSS21,Rest;Stim48hr,2,0.271,0.271,241
MEAF6,Rest;Stim48hr;Stim8hr,3,0.2714,0.2303,468
IKZF1,Rest;Stim8hr,2,0.2715,0.2715,167
KRR1,Rest;Stim48hr;Stim8hr,3,0.2715,0.2627,145
CYLD,Rest;Stim8hr,2,0.2718,0.2718,95
RELL2,Rest;Stim8hr,2,0.2722,0.2722,738
PBX2,Rest;Stim8hr,2,0.2723,0.2723,67
RNF8,Rest;Stim48hr;Stim8hr,3,0.2728,0.2631,232
PPP1R12A,Rest;Stim48hr;Stim8hr,3,0.2728,0.2523,92
CSNK2A2,Rest;Stim8hr,2,0.2733,0.2733,109
TSC1,Rest;Stim48hr;Stim8hr,3,0.2734,0.2102,1675
P4HB,Rest;Stim48hr;Stim8hr,3,0.2734,0.2546,190
FBRS,Rest;Stim48hr;Stim8hr,3,0.2736,0.2579,187
MAN2A1,Rest;Stim8hr,2,0.2739,0.2739,83
SMARCA4,Rest;Stim48hr;Stim8hr,3,0.2746,0.238,300
LAGE3,Rest;Stim8hr,2,0.2747,0.2747,187
CDKN2AIP,Rest;Stim48hr;Stim8hr,3,0.2751,0.2464,119
SLC25A51,Rest;Stim48hr;Stim8hr,3,0.2752,0.2385,192
ZNF34,Stim48hr;Stim8hr,2,0.2752,0.2752,32
BRK1,Rest;Stim48hr;Stim8hr,3,0.2753,0.1984,1276
STARD10,Rest;Stim48hr,2,0.276,0.276,854
CCNQ,Rest;Stim48hr;Stim8hr,3,0.2761,0.2666,776
COQ3,Rest;Stim48hr;Stim8hr,3,0.2761,0.2547,698
ZC3H4,Rest;Stim48hr;Stim8hr,3,0.2761,0.2124,276
ATXN2L,Rest;Stim48hr;Stim8hr,3,0.2762,0.2672,119
LAMTOR4,Rest;Stim48hr;Stim8hr,3,0.2763,0.2598,683
GLS,Rest;Stim48hr;Stim8hr,3,0.2763,0.2375,319
ZNF16,Rest;Stim8hr,2,0.2774,0.2774,24
ITGB2,Rest;Stim48hr;Stim8hr,3,0.2775,0.2554,133
TFG,Stim48hr;Stim8hr,2,0.2777,0.2777,433
SCO2,Rest;Stim8hr,2,0.278,0.278,368
ENO1,Stim48hr;Stim8hr,2,0.278,0.278,358
ACAD11,Rest;Stim48hr;Stim8hr,3,0.2781,0.2482,609
TSTD2,Rest;Stim48hr;Stim8hr,3,0.2781,0.2698,461
CRTAP,Rest;Stim8hr,2,0.2785,0.2785,160
FOSL2,Rest;Stim48hr;Stim8hr,3,0.2785,0.2512,197
TRRAP,Rest;Stim48hr;Stim8hr,3,0.2799,0.2039,1256
R3HCC1L,Rest;Stim48hr;Stim8hr,3,0.28,0.2778,223
METTL23,Rest;Stim48hr;Stim8hr,3,0.28,0.2603,140
PDS5B,Rest;Stim48hr;Stim8hr,3,0.2804,0.2522,58
FANCL,Stim48hr;Stim8hr,2,0.2804,0.2804,328
SREK1IP1,Stim48hr;Stim8hr,2,0.2808,0.2808,59
UPF2,Rest;Stim48hr;Stim8hr,3,0.281,0.2462,720
RAD50,Rest;Stim48hr,2,0.281,0.281,748
ELAC2,Rest;Stim8hr,2,0.2814,0.2814,412
CDK5RAP3,Rest;Stim48hr;Stim8hr,3,0.2818,0.2632,239
XRCC2,Rest;Stim48hr;Stim8hr,3,0.2819,0.255,514
JUNB,Rest;Stim48hr;Stim8hr,3,0.282,0.2616,142
TFAP4,Rest;Stim48hr;Stim8hr,3,0.2823,0.249,471
LCK,Rest;Stim48hr;Stim8hr,3,0.2825,0.212,2413
FAM3C,Rest;Stim48hr;Stim8hr,3,0.2826,0.2311,211
GPS2,Rest;Stim48hr;Stim8hr,3,0.2827,0.2217,474
ANKAR,Rest;Stim8hr,2,0.2829,0.2829,291
PRKRA,Rest;Stim48hr;Stim8hr,3,0.2835,0.279,74
USO1,Rest;Stim48hr;Stim8hr,3,0.2836,0.1676,1381
UBN1,Rest;Stim48hr,2,0.2838,0.2838,61
UGDH,Rest;Stim8hr,2,0.284,0.284,965
PHF12,Rest;Stim48hr;Stim8hr,3,0.2841,0.2773,325
TNRC6A,Rest;Stim48hr;Stim8hr,3,0.2842,0.2594,1546
RBM10,Rest;Stim48hr;Stim8hr,3,0.2844,0.2444,1504
COMMD4,Rest;Stim48hr,2,0.2844,0.2844,110
RRAGA,Rest;Stim48hr;Stim8hr,3,0.2846,0.251,1731
SRSF6,Stim48hr;Stim8hr,2,0.285,0.285,98
KDM3B,Rest;Stim48hr;Stim8hr,3,0.2851,0.2618,139
GPI,Rest;Stim48hr;Stim8hr,3,0.2852,0.2447,1779
SH3YL1,Stim48hr;Stim8hr,2,0.2852,0.2852,22
ALG6,Rest;Stim48hr;Stim8hr,3,0.2854,0.2607,332
PGK1,Rest;Stim48hr;Stim8hr,3,0.2858,0.2145,491
RCC1L,Rest;Stim48hr,2,0.2865,0.2865,1166
MSL2,Rest;Stim48hr;Stim8hr,3,0.2868,0.2606,320
KAT2B,Stim48hr;Stim8hr,2,0.2871,0.2871,44
FGFR1OP2,Rest;Stim48hr;Stim8hr,3,0.2871,0.2412,512
FLI1,Rest;Stim48hr;Stim8hr,3,0.2872,0.2548,314
SUGP1,Rest;Stim8hr,2,0.2872,0.2872,106
PAPOLA,Stim48hr;Stim8hr,2,0.2873,0.2873,55
PUM1,Rest;Stim48hr;Stim8hr,3,0.2875,0.2267,240
ATG9A,Rest;Stim48hr;Stim8hr,3,0.2878,0.2786,79
LMTK2,Rest;Stim48hr;Stim8hr,3,0.288,0.2372,599
UBC,Rest;Stim48hr;Stim8hr,3,0.2881,0.2437,1271
METTL1,Rest;Stim48hr;Stim8hr,3,0.2884,0.2516,1282
ELP5,Rest;Stim48hr;Stim8hr,3,0.2887,0.2602,570
GNLY,Rest;Stim8hr,2,0.2891,0.2891,52
PCBP4,Rest;Stim48hr;Stim8hr,3,0.2894,0.2233,53
RIPK1,Rest;Stim48hr;Stim8hr,3,0.2894,0.2476,437
CCDC134,Stim48hr;Stim8hr,2,0.2895,0.2895,111
CRLS1,Rest;Stim48hr;Stim8hr,3,0.2905,0.2392,834
PIK3R4,Rest;Stim8hr,2,0.2907,0.2907,138
COG6,Stim48hr;Stim8hr,2,0.2908,0.2908,1161
CRIPT,Stim48hr;Stim8hr,2,0.2908,0.2908,96
PHF19,Rest;Stim8hr,2,0.2909,0.2909,298
ZAP70,Rest;Stim48hr;Stim8hr,3,0.2917,0.1141,5021
CALR,Rest;Stim48hr,2,0.292,0.292,62
PCGF6,Stim48hr;Stim8hr,2,0.2923,0.2923,53
TMED2,Rest;Stim48hr;Stim8hr,3,0.2925,0.2317,158
ZNF43,Rest;Stim8hr,2,0.2925,0.2925,45
GBA2,Stim48hr;Stim8hr,2,0.2925,0.2925,62
ELP2,Rest;Stim48hr;Stim8hr,3,0.2927,0.2362,1097
COP1,Rest;Stim48hr;Stim8hr,3,0.2927,0.2578,212
SLC25A1,Stim48hr;Stim8hr,2,0.2927,0.2927,376
TXNIP,Rest;Stim48hr;Stim8hr,3,0.293,0.2759,56
EIF4B,Rest;Stim48hr;Stim8hr,3,0.2931,0.2768,102
LPCAT3,Rest;Stim8hr,2,0.2933,0.2933,143
DCP2,Rest;Stim48hr;Stim8hr,3,0.2934,0.2819,931
EIF3K,Rest;Stim48hr;Stim8hr,3,0.2935,0.2633,352
PRPF39,Rest;Stim48hr;Stim8hr,3,0.2935,0.2472,325
SEL1L,Rest;Stim48hr;Stim8hr,3,0.2938,0.2251,1496
STAT5B,Rest;Stim48hr;Stim8hr,3,0.2942,0.2903,1134
UGGT1,Rest;Stim8hr,2,0.2949,0.2949,51
GPD1L,Stim48hr;Stim8hr,2,0.2951,0.2951,47
CKAP2,Rest;Stim8hr,2,0.2959,0.2959,44
GGA3,Rest;Stim48hr,2,0.2959,0.2959,1112
FNBP4,Rest;Stim48hr;Stim8hr,3,0.2959,0.2333,883
HMBS,Rest;Stim48hr;Stim8hr,3,0.2961,0.2346,1046
NUDT16,Stim48hr;Stim8hr,2,0.2962,0.2962,27
ZFX,Rest;Stim8hr,2,0.2966,0.2966,260
GNAZ,Rest;Stim48hr,2,0.2966,0.2966,87
OXA1L,Rest;Stim48hr;Stim8hr,3,0.2966,0.2391,1541
COASY,Stim48hr;Stim8hr,2,0.2968,0.2968,622
NABP1,Rest;Stim8hr,2,0.2971,0.2971,422
PTPN2,Rest;Stim48hr;Stim8hr,3,0.2971,0.25,413
RHBDD3,Rest;Stim48hr;Stim8hr,3,0.2972,0.2575,309
RBPJ,Rest;Stim48hr;Stim8hr,3,0.2972,0.2771,119
CNOT11,Rest;Stim48hr;Stim8hr,3,0.2975,0.2538,660
C1D,Rest;Stim48hr;Stim8hr,3,0.2978,0.2643,959
INTS6,Rest;Stim48hr;Stim8hr,3,0.2979,0.2494,82
TFDP1,Rest;Stim48hr;Stim8hr,3,0.298,0.2523,439
ELF4,Rest;Stim8hr,2,0.298,0.298,85
DNAJB11,Rest;Stim48hr,2,0.2982,0.2982,144
TMED10,Rest;Stim48hr;Stim8hr,3,0.2984,0.268,615
EIF4G1,Rest;Stim8hr,2,0.2987,0.2987,1678
UXS1,Rest;Stim8hr,2,0.2988,0.2988,171
ISCA1,Rest;Stim48hr;Stim8hr,3,0.2992,0.2676,85
URM1,Rest;Stim48hr;Stim8hr,3,0.2994,0.2535,437
NEMF,Stim48hr;Stim8hr,2,0.2994,0.2994,46
MIPEP,Rest;Stim48hr;Stim8hr,3,0.2997,0.282,2143
CEP43,Rest;Stim48hr;Stim8hr,3,0.2997,0.2827,994
GANAB,Rest;Stim8hr,2,0.3,0.3,670
SEC61B,Rest;Stim8hr,2,0.3002,0.3002,810
TMEM167A,Rest;Stim48hr;Stim8hr,3,0.3015,0.2913,468
PIM1,Rest;Stim8hr,2,0.3015,0.3015,978
SAP30,Rest;Stim48hr,2,0.3015,0.3015,152
CDCA3,Rest;Stim48hr;Stim8hr,3,0.3016,0.2831,126
SFXN1,Rest;Stim48hr;Stim8hr,3,0.3018,0.2597,712
TGDS,Rest;Stim48hr;Stim8hr,3,0.302,0.2792,198
NRBP1,Rest;Stim48hr;Stim8hr,3,0.3021,0.2641,750
CDK2,Stim48hr;Stim8hr,2,0.3022,0.3022,346
NDRG1,Rest;Stim48hr;Stim8hr,3,0.3022,0.2939,165
RNF41,Rest;Stim48hr;Stim8hr,3,0.3023,0.2899,71
ATP5PO,Rest;Stim48hr;Stim8hr,3,0.303,0.2718,1156
APC,Rest;Stim8hr,2,0.3031,0.3031,336
SLC2A1,Rest;Stim48hr,2,0.3032,0.3032,25
HEXIM1,Rest;Stim48hr;Stim8hr,3,0.3034,0.2891,1357
COPS9,Stim48hr;Stim8hr,2,0.3034,0.3034,88
DDI2,Stim48hr;Stim8hr,2,0.3034,0.3034,28
USF2,Rest;Stim48hr;Stim8hr,3,0.3035,0.2586,98
PTPA,Rest;Stim48hr;Stim8hr,3,0.3036,0.272,1104
MTMR3,Rest;Stim48hr;Stim8hr,3,0.3036,0.1906,1099
GABPA,Rest;Stim8hr,2,0.3036,0.3036,208
TMEM87B,Rest;Stim8hr,2,0.3038,0.3038,119
NR2C2,Rest;Stim48hr;Stim8hr,3,0.3038,0.2986,284
BATF,Rest;Stim48hr;Stim8hr,3,0.3039,0.2703,659
WARS1,Rest;Stim8hr,2,0.3046,0.3046,159
PDIA6,Rest;Stim48hr;Stim8hr,3,0.305,0.2976,150
ERCC4,Rest;Stim48hr;Stim8hr,3,0.3051,0.2621,1144
RBM5,Rest;Stim48hr;Stim8hr,3,0.3054,0.2963,306
ZNF12,Rest;Stim48hr;Stim8hr,3,0.3054,0.2672,44
ADGRG5,Stim48hr;Stim8hr,2,0.3058,0.3058,38
ING5,Rest;Stim8hr,2,0.3065,0.3065,439
FH,Rest;Stim8hr,2,0.3067,0.3067,945
DNAJC2,Rest;Stim8hr,2,0.3067,0.3067,778
UBR4,Rest;Stim48hr;Stim8hr,3,0.3067,0.2819,1208
CNOT4,Rest;Stim48hr;Stim8hr,3,0.3068,0.3011,957
JOSD2,Rest;Stim48hr;Stim8hr,3,0.307,0.2794,103
EFR3A,Rest;Stim8hr,2,0.307,0.307,2029
PEX5,Stim48hr;Stim8hr,2,0.307,0.307,216
SSBP1,Rest;Stim8hr,2,0.3072,0.3072,951
CHMP1A,Rest;Stim8hr,2,0.3073,0.3073,569
ZNF384,Rest;Stim48hr;Stim8hr,3,0.3074,0.2637,72
ALG13,Rest;Stim8hr,2,0.3074,0.3074,185
CHMP4A,Rest;Stim8hr,2,0.3079,0.3079,99
AMD1,Stim48hr;Stim8hr,2,0.308,0.308,427
RPE,Stim48hr;Stim8hr,2,0.3085,0.3085,325
EIF1,Rest;Stim48hr;Stim8hr,3,0.3088,0.2294,731
KRCC1,Rest;Stim8hr,2,0.309,0.309,213
EIF3H,Rest;Stim48hr;Stim8hr,3,0.3093,0.2789,877
HCCS,Rest;Stim48hr;Stim8hr,3,0.3093,0.2605,1372
LSM12,Rest;Stim48hr;Stim8hr,3,0.3098,0.2544,534
ESYT2,Rest;Stim8hr,2,0.3098,0.3098,400
NUDT19,Rest;Stim48hr;Stim8hr,3,0.31,0.2698,150
DDX60L,Stim48hr;Stim8hr,2,0.3108,0.3108,196
TMEM126B,Rest;Stim48hr;Stim8hr,3,0.3109,0.2888,440
UCHL5,Rest;Stim48hr;Stim8hr,3,0.3111,0.2609,350
TAF5L,Rest;Stim8hr,2,0.3116,0.3116,608
RNF20,Stim48hr;Stim8hr,2,0.3119,0.3119,934
MYH9,Rest;Stim8hr,2,0.3124,0.3124,118
SSR3,Rest;Stim48hr;Stim8hr,3,0.3127,0.2845,65
SLC39A6,Rest;Stim48hr;Stim8hr,3,0.3129,0.249,288
METAP2,Rest;Stim48hr;Stim8hr,3,0.313,0.2939,771
NCOA6,Rest;Stim48hr;Stim8hr,3,0.313,0.2829,96
DNAJC24,Rest;Stim48hr;Stim8hr,3,0.3133,0.2856,463
THAP2,Rest;Stim48hr;Stim8hr,3,0.3137,0.2923,169
AKAP10,Rest;Stim8hr,2,0.3139,0.3139,55
THOC6,Rest;Stim48hr;Stim8hr,3,0.3139,0.3068,363
HMGXB4,Stim48hr;Stim8hr,2,0.3139,0.3139,34
ATP1B3,Rest;Stim48hr;Stim8hr,3,0.314,0.2486,328
EMB,Stim48hr;Stim8hr,2,0.3141,0.3141,59
XBP1,Rest;Stim48hr;Stim8hr,3,0.3141,0.2957,491
DAXX,Rest;Stim8hr,2,0.3141,0.3141,250
ULK4,Rest;Stim8hr,2,0.3142,0.3142,97
CARMIL2,Rest;Stim48hr;Stim8hr,3,0.3149,0.1897,2544
RELA,Stim48hr;Stim8hr,2,0.3162,0.3162,105
SUCLG1,Stim48hr;Stim8hr,2,0.3164,0.3164,109
FITM2,Rest;Stim48hr;Stim8hr,3,0.3167,0.2212,2606
NEIL1,Stim48hr;Stim8hr,2,0.3168,0.3168,89
HDAC1,Rest;Stim48hr;Stim8hr,3,0.3171,0.2896,89
SMAD4,Rest;Stim48hr;Stim8hr,3,0.3172,0.2974,113
ZBTB48,Rest;Stim48hr;Stim8hr,3,0.3174,0.2913,32
CUL3,Rest;Stim48hr;Stim8hr,3,0.3176,0.2633,692
PDCD5,Rest;Stim48hr;Stim8hr,3,0.3178,0.2486,901
TMEM131L,Rest;Stim8hr,2,0.3178,0.3178,203
NFATC2IP,Rest;Stim8hr,2,0.3181,0.3181,50
GPATCH8,Rest;Stim48hr;Stim8hr,3,0.3185,0.305,220
MOGS,Rest;Stim48hr;Stim8hr,3,0.3191,0.2622,52
CCR4,Rest;Stim8hr,2,0.3193,0.3193,507
C8orf33,Rest;Stim8hr,2,0.3194,0.3194,263
IST1,Rest;Stim48hr;Stim8hr,3,0.3197,0.3087,553
GDAP2,Rest;Stim48hr;Stim8hr,3,0.3197,0.2532,1001
FAM98B,Rest;Stim48hr;Stim8hr,3,0.3201,0.2329,1427
APPBP2,Rest;Stim48hr;Stim8hr,3,0.3207,0.2958,30
PHOSPHO2,Rest;Stim8hr,2,0.3207,0.3207,424
PHF23,Rest;Stim48hr;Stim8hr,3,0.3207,0.3003,702
ASXL1,Rest;Stim8hr,2,0.3208,0.3208,274
STRAP,Rest;Stim48hr;Stim8hr,3,0.3209,0.2865,1699
ARIH1,Rest;Stim48hr;Stim8hr,3,0.3211,0.2745,870
DPH5,Rest;Stim48hr;Stim8hr,3,0.3212,0.2782,1253
PAK2,Rest;Stim48hr;Stim8hr,3,0.3214,0.3057,146
TRIM25,Rest;Stim48hr;Stim8hr,3,0.3216,0.3009,49
CNOT6L,Stim48hr;Stim8hr,2,0.3218,0.3218,108
JUND,Rest;Stim8hr,2,0.3218,0.3218,44
RPTOR,Rest;Stim8hr,2,0.322,0.322,1028
CARM1,Rest;Stim48hr;Stim8hr,3,0.3221,0.307,378
MYC,Rest;Stim8hr,2,0.3223,0.3223,675
ZFAT,Rest;Stim48hr;Stim8hr,3,0.3223,0.2664,93
SPSB2,Rest;Stim8hr,2,0.3224,0.3224,51
MFSD4B,Rest;Stim48hr;Stim8hr,3,0.3228,0.2949,30
HDGFL3,Rest;Stim48hr;Stim8hr,3,0.3228,0.3031,38
PSMB9,Rest;Stim48hr;Stim8hr,3,0.3228,0.2668,124
DNAJC3,Rest;Stim48hr;Stim8hr,3,0.323,0.318,127
RNF19B,Stim48hr;Stim8hr,2,0.3231,0.3231,451
INTS14,Rest;Stim48hr;Stim8hr,3,0.3231,0.3153,809
MRC2,Rest;Stim48hr;Stim8hr,3,0.3236,0.3063,1350
DNAJB9,Rest;Stim48hr;Stim8hr,3,0.3238,0.3021,248
GPAA1,Rest;Stim8hr,2,0.3241,0.3241,176
GSTCD,Rest;Stim48hr;Stim8hr,3,0.3245,0.3018,132
HNRNPA2B1,Rest;Stim48hr;Stim8hr,3,0.3246,0.3082,379
SMARCD2,Rest;Stim8hr,2,0.3247,0.3247,60
CELF2,Rest;Stim8hr,2,0.3258,0.3258,27
ARL5B,Rest;Stim48hr;Stim8hr,3,0.326,0.304,71
GOLGA5,Rest;Stim8hr,2,0.3263,0.3263,35
CALHM6,Rest;Stim48hr;Stim8hr,3,0.3275,0.3203,41
NCAPG2,Rest;Stim48hr;Stim8hr,3,0.3276,0.23,1696
QRSL1,Stim48hr;Stim8hr,2,0.328,0.328,268
SLC35B1,Rest;Stim48hr;Stim8hr,3,0.3281,0.2665,1541
WNK1,Rest;Stim48hr;Stim8hr,3,0.3283,0.2982,376
ACLY,Stim48hr;Stim8hr,2,0.3285,0.3285,2431
CDCA2,Stim48hr;Stim8hr,2,0.3289,0.3289,135
WASL,Rest;Stim48hr;Stim8hr,3,0.3294,0.2985,49
CFAP20,Rest;Stim48hr;Stim8hr,3,0.3296,0.2913,1292
TIPRL,Rest;Stim48hr;Stim8hr,3,0.3296,0.3182,1289
DDA1,Rest;Stim48hr;Stim8hr,3,0.3302,0.3063,443
RC3H1,Rest;Stim48hr;Stim8hr,3,0.3302,0.2825,340
PEX3,Stim48hr;Stim8hr,2,0.3304,0.3304,22
TMEM184B,Rest;Stim8hr,2,0.3306,0.3306,40
ZNF655,Stim48hr;Stim8hr,2,0.3312,0.3312,67
DDX6,Rest;Stim48hr;Stim8hr,3,0.3319,0.2871,1154
WAS,Rest;Stim48hr;Stim8hr,3,0.3323,0.3117,494
SEC63,Rest;Stim48hr;Stim8hr,3,0.3323,0.3277,646
FEM1A,Rest;Stim8hr,2,0.333,0.333,94
CDADC1,Rest;Stim8hr,2,0.3334,0.3334,172
CILK1,Rest;Stim8hr,2,0.3334,0.3334,41
ZNF470,Rest;Stim8hr,2,0.3339,0.3339,354
CARD6,Rest;Stim48hr;Stim8hr,3,0.334,0.2976,77
BCAT2,Stim48hr;Stim8hr,2,0.3341,0.3341,3677
EPC1,Rest;Stim48hr;Stim8hr,3,0.3343,0.2731,443
TIAL1,Rest;Stim48hr;Stim8hr,3,0.3343,0.3176,237
TSC2,Rest;Stim48hr;Stim8hr,3,0.3345,0.2928,1100
LAMTOR3,Rest;Stim48hr;Stim8hr,3,0.3346,0.3271,181
POLDIP2,Stim48hr;Stim8hr,2,0.3348,0.3348,34
EFHD2,Rest;Stim48hr;Stim8hr,3,0.3354,0.3194,62
KCTD21,Rest;Stim8hr,2,0.3355,0.3355,426
XPR1,Rest;Stim48hr;Stim8hr,3,0.3359,0.2965,813
ABHD13,Rest;Stim48hr;Stim8hr,3,0.3362,0.3025,213
SCYL3,Rest;Stim48hr;Stim8hr,3,0.3371,0.2955,881
MED23,Rest;Stim48hr;Stim8hr,3,0.3375,0.2818,1011
RB1CC1,Rest;Stim48hr;Stim8hr,3,0.3378,0.2767,901
TWNK,Rest;Stim48hr;Stim8hr,3,0.338,0.2962,801
NAPB,Rest;Stim48hr,2,0.3382,0.3382,45
IWS1,Rest;Stim48hr;Stim8hr,3,0.3383,0.3191,685
SLTM,Rest;Stim48hr;Stim8hr,3,0.3384,0.3034,342
OST4,Stim48hr;Stim8hr,2,0.3395,0.3395,114
APMAP,Stim48hr;Stim8hr,2,0.3398,0.3398,39
FBXL3,Rest;Stim48hr;Stim8hr,3,0.3399,0.2713,423
PAN3,Rest;Stim48hr;Stim8hr,3,0.34,0.3064,349
MLST8,Rest;Stim48hr;Stim8hr,3,0.3402,0.3028,563
GRSF1,Stim48hr;Stim8hr,2,0.3402,0.3402,1848
PPCS,Rest;Stim8hr,2,0.3403,0.3403,791
DPM1,Rest;Stim8hr,2,0.3403,0.3403,264
PPP1R7,Rest;Stim48hr;Stim8hr,3,0.3405,0.3179,837
IMMP2L,Rest;Stim48hr;Stim8hr,3,0.3408,0.3126,196
ELP3,Rest;Stim48hr;Stim8hr,3,0.3412,0.3245,995
CYB561D2,Rest;Stim8hr,2,0.3412,0.3412,392
SMARCA5,Rest;Stim48hr;Stim8hr,3,0.3412,0.2381,2785
DOHH,Rest;Stim48hr;Stim8hr,3,0.3413,0.3299,1562
PCYT2,Rest;Stim48hr;Stim8hr,3,0.3413,0.266,827
REXO1,Rest;Stim48hr,2,0.3421,0.3421,30
PEX6,Rest;Stim48hr;Stim8hr,3,0.3429,0.2825,641
RNFT2,Rest;Stim48hr;Stim8hr,3,0.3429,0.3088,1103
ACTR8,Rest;Stim48hr;Stim8hr,3,0.3432,0.288,919
DEGS1,Rest;Stim8hr,2,0.3432,0.3432,84
L3MBTL3,Rest;Stim48hr;Stim8hr,3,0.3434,0.3356,46
CNBP,Rest;Stim48hr;Stim8hr,3,0.3434,0.3005,261
ARF1,Rest;Stim8hr,2,0.344,0.344,1753
GIGYF2,Rest;Stim48hr;Stim8hr,3,0.3441,0.3352,315
MIOS,Rest;Stim48hr;Stim8hr,3,0.3445,0.2529,767
ENDOG,Rest;Stim8hr,2,0.3445,0.3445,286
TBRG1,Stim48hr;Stim8hr,2,0.3446,0.3446,35
ELP6,Rest;Stim48hr;Stim8hr,3,0.3448,0.3299,72
INPP5F,Rest;Stim48hr;Stim8hr,3,0.3448,0.3139,125
ANKRD61,Stim48hr;Stim8hr,2,0.3452,0.3452,1176
ZSCAN2,Rest;Stim8hr,2,0.3455,0.3455,196
PRDM15,Rest;Stim48hr;Stim8hr,3,0.3461,0.3326,60
CBFB,Rest;Stim48hr;Stim8hr,3,0.3465,0.2798,1132
RHBDF2,Rest;Stim48hr;Stim8hr,3,0.3467,0.3339,51
EML2,Rest;Stim48hr;Stim8hr,3,0.347,0.2743,342
NATD1,Stim48hr;Stim8hr,2,0.347,0.347,829
UBE2T,Rest;Stim8hr,2,0.3477,0.3477,376
CTU2,Rest;Stim8hr,2,0.3477,0.3477,761
WRAP53,Rest;Stim48hr;Stim8hr,3,0.3482,0.3291,448
TENT2,Rest;Stim48hr;Stim8hr,3,0.3483,0.2687,1357
TMEM214,Rest;Stim48hr;Stim8hr,3,0.3483,0.3117,754
BTAF1,Rest;Stim48hr;Stim8hr,3,0.3486,0.3169,1492
YPEL2,Rest;Stim48hr;Stim8hr,3,0.3486,0.3359,125
STT3A,Rest;Stim8hr,2,0.3487,0.3487,45
CD2,Stim48hr;Stim8hr,2,0.3487,0.3487,988
SRSF10,Rest;Stim48hr;Stim8hr,3,0.349,0.3327,1146
RICTOR,Rest;Stim48hr;Stim8hr,3,0.3495,0.3095,268
INO80E,Stim48hr;Stim8hr,2,0.3497,0.3497,79
RHEB,Rest;Stim48hr;Stim8hr,3,0.3498,0.2894,859
CDC25B,Rest;Stim48hr;Stim8hr,3,0.3502,0.2996,1255
CISD1,Rest;Stim8hr,2,0.3503,0.3503,89
RTN4IP1,Stim48hr;Stim8hr,2,0.3503,0.3503,836
DCAF5,Rest;Stim48hr;Stim8hr,3,0.3506,0.3388,158
ADAM19,Rest;Stim48hr;Stim8hr,3,0.3509,0.3192,448
SP1,Rest;Stim48hr;Stim8hr,3,0.3517,0.3401,406
MYO9A,Rest;Stim48hr;Stim8hr,3,0.3517,0.2973,526
NPHP4,Rest;Stim8hr,2,0.3519,0.3519,176
FANCB,Rest;Stim48hr;Stim8hr,3,0.3521,0.2986,572
RAD23A,Rest;Stim48hr;Stim8hr,3,0.3528,0.3318,75
IL2RB,Stim48hr;Stim8hr,2,0.3534,0.3534,1069
RAVER1,Rest;Stim48hr;Stim8hr,3,0.354,0.3412,255
PKNOX1,Rest;Stim48hr;Stim8hr,3,0.3542,0.3168,274
PCBP2,Rest;Stim48hr;Stim8hr,3,0.3544,0.3008,626
KDM5C,Rest;Stim8hr,2,0.3547,0.3547,114
CARNMT1,Stim48hr;Stim8hr,2,0.3548,0.3548,57
BEND3,Stim48hr;Stim8hr,2,0.3555,0.3555,39
WASF2,Rest;Stim48hr;Stim8hr,3,0.3556,0.3251,722
RELT,Rest;Stim48hr;Stim8hr,3,0.3565,0.3343,42
ZBTB21,Stim48hr;Stim8hr,2,0.3565,0.3565,43
RESF1,Rest;Stim48hr,2,0.3565,0.3565,49
PARP14,Rest;Stim48hr;Stim8hr,3,0.357,0.2254,1328
FAM161A,Rest;Stim8hr,2,0.3572,0.3572,436
RASA2,Rest;Stim48hr;Stim8hr,3,0.3573,0.3513,699
ZBTB39,Rest;Stim8hr,2,0.3574,0.3574,258
PCNX3,Rest;Stim48hr;Stim8hr,3,0.3575,0.3431,97
TCEAL1,Rest;Stim48hr;Stim8hr,3,0.3575,0.2746,1026
PDCL,Rest;Stim48hr;Stim8hr,3,0.3581,0.3438,1501
THRAP3,Rest;Stim48hr;Stim8hr,3,0.3589,0.3259,1199
EMC3,Stim48hr;Stim8hr,2,0.3592,0.3592,156
UFM1,Rest;Stim48hr;Stim8hr,3,0.3603,0.2858,2278
BRD1,Rest;Stim48hr;Stim8hr,3,0.361,0.3359,291
PIGN,Rest;Stim8hr,2,0.361,0.361,53
TMEM30A,Rest;Stim48hr;Stim8hr,3,0.3613,0.3084,790
CAB39,Stim48hr;Stim8hr,2,0.3618,0.3618,128
UFC1,Rest;Stim8hr,2,0.3624,0.3624,122
DEK,Rest;Stim48hr;Stim8hr,3,0.3624,0.3186,93
TMEM205,Rest;Stim8hr,2,0.3634,0.3634,109
CBX5,Rest;Stim48hr;Stim8hr,3,0.3637,0.3328,561
ID2,Rest;Stim48hr;Stim8hr,3,0.3637,0.3329,498
CSK,Rest;Stim48hr;Stim8hr,3,0.3639,0.3506,547
SIK3,Rest;Stim48hr;Stim8hr,3,0.3644,0.3087,1809
TENT5C,Rest;Stim48hr;Stim8hr,3,0.3647,0.337,106
CSNK2A1,Rest;Stim48hr;Stim8hr,3,0.3653,0.3587,295
UBAC1,Rest;Stim48hr;Stim8hr,3,0.3655,0.3265,57
ALKBH2,Rest;Stim48hr;Stim8hr,3,0.3661,0.3432,364
PPP1R3B,Rest;Stim48hr,2,0.3664,0.3664,311
ATRX,Rest;Stim48hr;Stim8hr,3,0.3666,0.3462,830
SARNP,Stim48hr;Stim8hr,2,0.3666,0.3666,62
EGR2,Stim48hr;Stim8hr,2,0.3668,0.3668,854
PPP3R1,Stim48hr;Stim8hr,2,0.3668,0.3668,612
SMG9,Rest;Stim48hr;Stim8hr,3,0.3671,0.336,1011
RREB1,Rest;Stim48hr;Stim8hr,3,0.3673,0.3475,76
BRD7,Rest;Stim8hr,2,0.3675,0.3675,79
SMG7,Rest;Stim48hr;Stim8hr,3,0.3678,0.3344,1764
SYVN1,Stim48hr;Stim8hr,2,0.3682,0.3682,200
DAP,Stim48hr;Stim8hr,2,0.3686,0.3686,265
DCAF6,Rest;Stim48hr;Stim8hr,3,0.3688,0.3363,32
VAV1,Rest;Stim48hr;Stim8hr,3,0.3696,0.2556,4897
SLC4A1AP,Rest;Stim48hr;Stim8hr,3,0.3702,0.346,306
UBE2E1,Rest;Stim48hr;Stim8hr,3,0.3706,0.3592,155
SAP130,Rest;Stim48hr;Stim8hr,3,0.3709,0.3553,594
LAMP1,Rest;Stim48hr,2,0.371,0.371,237
ATG12,Rest;Stim8hr,2,0.3716,0.3716,507
ATP23,Rest;Stim48hr;Stim8hr,3,0.3718,0.3339,96
NDFIP2,Stim48hr;Stim8hr,2,0.3722,0.3722,834
EOLA1,Rest;Stim8hr,2,0.3726,0.3726,74
TMEM185A,Rest;Stim48hr;Stim8hr,3,0.3728,0.3474,64
UBE2I,Rest;Stim48hr;Stim8hr,3,0.373,0.3504,733
NAA30,Rest;Stim48hr;Stim8hr,3,0.3732,0.3223,2084
MORC2,Rest;Stim48hr;Stim8hr,3,0.3732,0.3441,800
SMG8,Rest;Stim48hr;Stim8hr,3,0.3734,0.3664,755
SKIC8,Rest;Stim48hr;Stim8hr,3,0.3735,0.3594,2399
NUDCD1,Rest;Stim48hr;Stim8hr,3,0.3735,0.335,2135
CBLL1,Rest;Stim48hr;Stim8hr,3,0.3737,0.3568,531
GID8,Rest;Stim8hr,2,0.3737,0.3737,971
SIMC1,Rest;Stim8hr,2,0.3742,0.3742,52
ZCWPW1,Rest;Stim48hr;Stim8hr,3,0.3745,0.3549,94
SIN3A,Rest;Stim8hr,2,0.3754,0.3754,161
GTF2H5,Rest;Stim48hr;Stim8hr,3,0.3759,0.3483,255
SMARCC1,Rest;Stim48hr;Stim8hr,3,0.3759,0.3264,200
TAF13,Rest;Stim48hr;Stim8hr,3,0.3765,0.3396,3341
RRM2B,Rest;Stim48hr;Stim8hr,3,0.3767,0.3593,353
SPAG7,Stim48hr;Stim8hr,2,0.3767,0.3767,60
ETNK1,Rest;Stim8hr,2,0.3768,0.3768,299
LETM2,Stim48hr;Stim8hr,2,0.3769,0.3769,385
HMGB3,Stim48hr;Stim8hr,2,0.3774,0.3774,53
PRUNE1,Rest;Stim8hr,2,0.3778,0.3778,175
STAG2,Rest;Stim48hr;Stim8hr,3,0.3779,0.3294,270
PSMG2,Stim48hr;Stim8hr,2,0.3781,0.3781,40
INTS10,Rest;Stim48hr;Stim8hr,3,0.3781,0.3492,2075
SRSF5,Rest;Stim48hr,2,0.3783,0.3783,26
H2AZ1,Rest;Stim48hr;Stim8hr,3,0.3784,0.3458,441
FUBP1,Rest;Stim48hr;Stim8hr,3,0.3785,0.3648,1252
YY1,Rest;Stim48hr;Stim8hr,3,0.3789,0.3238,960
TPD52,Rest;Stim48hr;Stim8hr,3,0.3795,0.3379,433
PSMF1,Rest;Stim48hr;Stim8hr,3,0.3801,0.3489,426
ZBTB2,Rest;Stim8hr,2,0.3803,0.3803,37
ZNF14,Rest;Stim8hr,2,0.3805,0.3805,26
POGLUT3,Rest;Stim48hr;Stim8hr,3,0.3806,0.3331,2476
FOXK1,Rest;Stim48hr;Stim8hr,3,0.3807,0.3295,818
ZNF200,Stim48hr;Stim8hr,2,0.3811,0.3811,56
GYPC,Rest;Stim48hr;Stim8hr,3,0.3812,0.3317,66
DHX40,Stim48hr;Stim8hr,2,0.3814,0.3814,47
GABPB1,Rest;Stim48hr;Stim8hr,3,0.3819,0.35,1581
EIF4G2,Rest;Stim48hr;Stim8hr,3,0.3819,0.3387,2529
PAGR1,Rest;Stim48hr;Stim8hr,3,0.3822,0.3684,560
DDX17,Rest;Stim48hr;Stim8hr,3,0.3825,0.3406,890
FOXN2,Rest;Stim48hr;Stim8hr,3,0.3829,0.3644,300
NSD2,Rest;Stim8hr,2,0.3829,0.3829,181
ABCA5,Stim48hr;Stim8hr,2,0.3834,0.3834,34
TIA1,Rest;Stim8hr,2,0.3836,0.3836,227
DOLPP1,Rest;Stim48hr;Stim8hr,3,0.3837,0.3369,2717
ZBTB1,Rest;Stim48hr;Stim8hr,3,0.3841,0.3779,159
NAA40,Rest;Stim48hr;Stim8hr,3,0.3841,0.3487,236
PRKAR1A,Rest;Stim48hr;Stim8hr,3,0.3849,0.34,1390
ZNF92,Rest;Stim48hr;Stim8hr,3,0.3851,0.3384,341
MAEA,Rest;Stim8hr,2,0.3853,0.3853,1650
ERCC1,Rest;Stim48hr;Stim8hr,3,0.3853,0.37,415
RASGRP1,Rest;Stim48hr;Stim8hr,3,0.3858,0.3228,992
DEF8,Rest;Stim48hr;Stim8hr,3,0.3863,0.3535,244
RFX1,Rest;Stim48hr;Stim8hr,3,0.3864,0.345,293
HNRNPD,Rest;Stim48hr;Stim8hr,3,0.3864,0.3527,641
NIPBL,Rest;Stim48hr;Stim8hr,3,0.3865,0.3512,583
SLC3A2,Stim48hr;Stim8hr,2,0.3867,0.3867,2491
IL21,Stim48hr;Stim8hr,2,0.3872,0.3872,120
SUMO2,Stim48hr;Stim8hr,2,0.3875,0.3875,29
TWF1,Rest;Stim8hr,2,0.3879,0.3879,233
STK35,Rest;Stim48hr;Stim8hr,3,0.3882,0.3733,94
ALDH18A1,Rest;Stim8hr,2,0.3885,0.3885,174
SINHCAF,Rest;Stim48hr;Stim8hr,3,0.3888,0.303,1210
RMND5A,Rest;Stim8hr,2,0.3903,0.3903,377
THAP12,Rest;Stim48hr;Stim8hr,3,0.3904,0.3157,1326
SLAMF7,Rest;Stim8hr,2,0.3907,0.3907,107
TNPO1,Rest;Stim48hr;Stim8hr,3,0.3908,0.3827,1448
APOBEC3B,Rest;Stim48hr;Stim8hr,3,0.3909,0.3269,184
RBM12,Rest;Stim48hr;Stim8hr,3,0.3914,0.372,449
HIRIP3,Rest;Stim48hr;Stim8hr,3,0.3914,0.3789,146
STAT6,Stim48hr;Stim8hr,2,0.392,0.392,1127
STIP1,Rest;Stim48hr;Stim8hr,3,0.392,0.3544,1445
TMED4,Rest;Stim48hr;Stim8hr,3,0.3923,0.337,94
DDRGK1,Rest;Stim48hr;Stim8hr,3,0.3923,0.328,1705
APBB1IP,Rest;Stim48hr,2,0.3923,0.3923,30
ATXN10,Rest;Stim8hr,2,0.3924,0.3924,1376
ACTR5,Rest;Stim48hr;Stim8hr,3,0.3936,0.3492,584
UBA5,Rest;Stim48hr;Stim8hr,3,0.3939,0.3657,572
RCBTB1,Rest;Stim8hr,2,0.394,0.394,40
RNF181,Rest;Stim8hr,2,0.394,0.394,71
WAC,Rest;Stim48hr;Stim8hr,3,0.3942,0.3568,2475
TYK2,Rest;Stim48hr;Stim8hr,3,0.3951,0.342,53
IMMP1L,Rest;Stim48hr;Stim8hr,3,0.3954,0.358,376
MFHAS1,Rest;Stim48hr;Stim8hr,3,0.3956,0.3633,333
INTS13,Rest;Stim48hr;Stim8hr,3,0.3958,0.388,1072
ARMC8,Rest;Stim48hr;Stim8hr,3,0.3965,0.345,84
IL21R,Stim48hr;Stim8hr,2,0.3965,0.3965,106
DOCK2,Rest;Stim48hr;Stim8hr,3,0.3965,0.3135,1179
SENP1,Rest;Stim48hr;Stim8hr,3,0.3967,0.3568,366
LAMTOR2,Rest;Stim48hr;Stim8hr,3,0.397,0.3528,2062
TBX21,Rest;Stim48hr;Stim8hr,3,0.3977,0.346,402
DNAJC8,Rest;Stim48hr;Stim8hr,3,0.3978,0.3215,1817
CHIC2,Rest;Stim48hr;Stim8hr,3,0.3981,0.3781,74
FRS3,Stim48hr;Stim8hr,2,0.3985,0.3985,446
L2HGDH,Rest;Stim48hr;Stim8hr,3,0.3986,0.3733,117
FADS1,Rest;Stim8hr,2,0.3987,0.3987,37
DNTTIP1,Rest;Stim48hr;Stim8hr,3,0.3988,0.3282,2724
PRKD2,Stim48hr;Stim8hr,2,0.399,0.399,71
DCAKD,Rest;Stim48hr;Stim8hr,3,0.3991,0.2993,1497
ARHGAP30,Rest;Stim48hr;Stim8hr,3,0.3992,0.342,1839
NSUN2,Rest;Stim48hr;Stim8hr,3,0.3997,0.3847,75
PXMP4,Rest;Stim48hr;Stim8hr,3,0.3999,0.3777,164
PDIA3,Rest;Stim48hr;Stim8hr,3,0.4001,0.3452,309
UBE2E2,Stim48hr;Stim8hr,2,0.4007,0.4007,1523
OTUD1,Rest;Stim8hr,2,0.401,0.401,1109
CSDE1,Rest;Stim48hr;Stim8hr,3,0.4011,0.3457,1813
ZC3H10,Rest;Stim48hr;Stim8hr,3,0.4013,0.3882,380
SAC3D1,Rest;Stim8hr,2,0.4016,0.4016,196
ICOS,Rest;Stim48hr;Stim8hr,3,0.4024,0.3522,738
INO80C,Rest;Stim48hr;Stim8hr,3,0.4025,0.3964,495
KDM6A,Rest;Stim48hr;Stim8hr,3,0.4034,0.3764,136
SMIM7,Stim48hr;Stim8hr,2,0.4042,0.4042,131
MAU2,Rest;Stim48hr;Stim8hr,3,0.4043,0.362,427
C16orf87,Rest;Stim48hr;Stim8hr,3,0.4046,0.3817,181
ZC3H12A,Rest;Stim8hr,2,0.4047,0.4047,260
HIP1R,Rest;Stim48hr;Stim8hr,3,0.4049,0.3542,226
ZNF644,Rest;Stim48hr;Stim8hr,3,0.4052,0.3689,443
PTPRC,Rest;Stim48hr;Stim8hr,3,0.4053,0.2991,3225
MEN1,Rest;Stim48hr;Stim8hr,3,0.4056,0.3683,2156
WRN,Rest;Stim8hr,2,0.4059,0.4059,57
MTF2,Rest;Stim48hr;Stim8hr,3,0.4063,0.3852,41
FKBP8,Rest;Stim48hr,2,0.4065,0.4065,42
RASAL3,Rest;Stim48hr,2,0.4066,0.4066,985
HAPSTR1,Rest;Stim48hr;Stim8hr,3,0.4066,0.3883,1152
GPR15,Rest;Stim8hr,2,0.4068,0.4068,320
DOP1A,Rest;Stim48hr;Stim8hr,3,0.4075,0.3659,549
DHX36,Rest;Stim48hr;Stim8hr,3,0.4076,0.382,2326
STAT3,Rest;Stim48hr;Stim8hr,3,0.408,0.3159,1592
SP100,Rest;Stim48hr;Stim8hr,3,0.4088,0.3489,306
MBD3,Rest;Stim48hr;Stim8hr,3,0.4092,0.3434,196
STYXL1,Rest;Stim48hr;Stim8hr,3,0.4093,0.3744,583
ATXN7L3,Rest;Stim48hr;Stim8hr,3,0.4095,0.3648,1941
DRAP1,Rest;Stim48hr;Stim8hr,3,0.4096,0.3581,452
SCAF4,Rest;Stim48hr;Stim8hr,3,0.4101,0.3707,599
MALT1,Stim48hr;Stim8hr,2,0.4104,0.4104,1639
EWSR1,Rest;Stim48hr;Stim8hr,3,0.4108,0.3984,2451
SP2,Rest;Stim48hr;Stim8hr,3,0.4109,0.397,1670
PHF3,Rest;Stim48hr;Stim8hr,3,0.4124,0.4063,219
CBX3,Rest;Stim48hr;Stim8hr,3,0.4125,0.4084,131
CREB1,Rest;Stim48hr;Stim8hr,3,0.4128,0.3896,488
ELOC,Rest;Stim8hr,2,0.4138,0.4138,262
STK11,Rest;Stim48hr;Stim8hr,3,0.4141,0.3734,1170
LRBA,Stim48hr;Stim8hr,2,0.4145,0.4145,2992
GDAP1,Stim48hr;Stim8hr,2,0.415,0.415,56
PPHLN1,Rest;Stim48hr;Stim8hr,3,0.4152,0.4108,474
TM2D1,Rest;Stim48hr;Stim8hr,3,0.4161,0.3732,1184
KDELR2,Rest;Stim8hr,2,0.4162,0.4162,40
CLCC1,Rest;Stim48hr;Stim8hr,3,0.4163,0.3416,1731
C6orf120,Stim48hr;Stim8hr,2,0.4164,0.4164,55
ARID2,Rest;Stim48hr;Stim8hr,3,0.4167,0.3871,297
CXXC1,Rest;Stim48hr;Stim8hr,3,0.4172,0.3598,1337
C11orf68,Rest;Stim48hr;Stim8hr,3,0.4183,0.4092,152
TOR1A,Rest;Stim48hr;Stim8hr,3,0.4183,0.4107,77
IL12RB2,Rest;Stim48hr;Stim8hr,3,0.4193,0.3963,750
NCBP3,Rest;Stim48hr;Stim8hr,3,0.4197,0.3439,631
STX16,Rest;Stim48hr;Stim8hr,3,0.4197,0.3647,1144
NCKAP1L,Rest;Stim48hr;Stim8hr,3,0.4197,0.3562,2946
STOM,Rest;Stim8hr,2,0.4203,0.4203,93
TAF11,Rest;Stim48hr;Stim8hr,3,0.4207,0.3844,2929
MORF4L1,Stim48hr;Stim8hr,2,0.4209,0.4209,220
NKAPD1,Rest;Stim48hr;Stim8hr,3,0.4211,0.3321,818
CPSF6,Rest;Stim48hr;Stim8hr,3,0.4215,0.3995,2486
ZNF829,Rest;Stim48hr;Stim8hr,3,0.4217,0.3934,115
RTRAF,Rest;Stim48hr;Stim8hr,3,0.4222,0.3496,2286
TRIM39,Rest;Stim48hr;Stim8hr,3,0.4224,0.4083,52
NFKBIL1,Rest;Stim48hr;Stim8hr,3,0.4227,0.3374,953
KLHDC10,Rest;Stim48hr;Stim8hr,3,0.4235,0.3313,236
HDHD3,Rest;Stim48hr;Stim8hr,3,0.4236,0.3472,117
USP28,Rest;Stim48hr,2,0.4238,0.4238,220
ZMYND8,Rest;Stim48hr;Stim8hr,3,0.4248,0.415,54
SIRT7,Rest;Stim8hr,2,0.425,0.425,119
CD28,Stim48hr;Stim8hr,2,0.4254,0.4254,1797
ZNF649,Rest;Stim48hr;Stim8hr,3,0.4255,0.4021,1173
UBR5,Rest;Stim48hr;Stim8hr,3,0.4256,0.3931,1705
CCDC138,Rest;Stim8hr,2,0.4277,0.4277,961
USP7,Rest;Stim48hr;Stim8hr,3,0.4282,0.3626,1536
IFI30,Rest;Stim48hr;Stim8hr,3,0.4289,0.4043,59
NEMP2,Rest;Stim8hr,2,0.4303,0.4303,72
MED13,Rest;Stim48hr;Stim8hr,3,0.4305,0.4136,628
THAP11,Rest;Stim48hr;Stim8hr,3,0.4305,0.3458,1546
ZNF410,Rest;Stim8hr,2,0.4307,0.4307,33
HMGN5,Rest;Stim48hr;Stim8hr,3,0.4309,0.3857,340
LEO1,Rest;Stim48hr;Stim8hr,3,0.4309,0.3857,3014
CAND1,Rest;Stim48hr;Stim8hr,3,0.4324,0.4003,1158
GPR137,Rest;Stim48hr;Stim8hr,3,0.4326,0.3982,93
CASC3,Rest;Stim48hr;Stim8hr,3,0.4329,0.4023,1430
CBLB,Stim48hr;Stim8hr,2,0.4336,0.4336,1027
PPDPF,Rest;Stim48hr;Stim8hr,3,0.434,0.3525,1141
MAX,Rest;Stim48hr;Stim8hr,3,0.4351,0.4182,2222
NRAS,Rest;Stim48hr;Stim8hr,3,0.4359,0.4027,374
BAHD1,Rest;Stim48hr;Stim8hr,3,0.4365,0.4032,392
TET2,Rest;Stim48hr;Stim8hr,3,0.4368,0.3992,124
PRR12,Rest;Stim48hr;Stim8hr,3,0.4371,0.3921,51
BBS10,Rest;Stim48hr;Stim8hr,3,0.4373,0.3979,78
VHL,Rest;Stim48hr;Stim8hr,3,0.4382,0.3911,333
INTS12,Rest;Stim48hr;Stim8hr,3,0.4383,0.408,1147
SHOC2,Stim48hr;Stim8hr,2,0.4385,0.4385,807
TXNL1,Rest;Stim8hr,2,0.4391,0.4391,200
ZNF641,Rest;Stim48hr;Stim8hr,3,0.4403,0.3946,765
CTDSPL2,Rest;Stim48hr;Stim8hr,3,0.4407,0.418,736
KAT6A,Rest;Stim48hr;Stim8hr,3,0.4414,0.4111,505
ADNP,Rest;Stim48hr;Stim8hr,3,0.4417,0.4181,49
MTERF2,Rest;Stim48hr;Stim8hr,3,0.4421,0.4142,59
HOXB2,Rest;Stim48hr;Stim8hr,3,0.4423,0.4195,801
CCND2,Rest;Stim8hr,2,0.4428,0.4428,1320
COPRS,Rest;Stim48hr;Stim8hr,3,0.4428,0.3954,460
INSR,Rest;Stim48hr,2,0.4458,0.4458,1365
IRF1,Rest;Stim48hr;Stim8hr,3,0.446,0.4247,270
ERCC6L,Rest;Stim48hr;Stim8hr,3,0.4461,0.4022,116
GLIPR2,Rest;Stim48hr;Stim8hr,3,0.4479,0.3906,1360
MLKL,Rest;Stim48hr;Stim8hr,3,0.4483,0.3756,79
KTI12,Rest;Stim48hr;Stim8hr,3,0.4485,0.4161,825
EP300,Rest;Stim48hr;Stim8hr,3,0.4486,0.4142,177
PSIP1,Rest;Stim48hr;Stim8hr,3,0.4492,0.4377,486
MED15,Rest;Stim48hr;Stim8hr,3,0.4493,0.4282,2806
KMT2B,Rest;Stim48hr;Stim8hr,3,0.4498,0.4053,123
CDK13,Rest;Stim48hr;Stim8hr,3,0.4515,0.4047,889
RXRB,Rest;Stim48hr,2,0.452,0.452,421
YTHDF2,Rest;Stim48hr;Stim8hr,3,0.4523,0.4232,2617
HEXD,Rest;Stim8hr,2,0.4528,0.4528,367
CD247,Stim48hr;Stim8hr,2,0.4535,0.4535,4329
AK3,Rest;Stim48hr;Stim8hr,3,0.4535,0.4108,323
RSBN1L,Stim48hr;Stim8hr,2,0.4535,0.4535,178
ERGIC3,Rest;Stim48hr;Stim8hr,3,0.4537,0.4215,155
RHOF,Rest;Stim48hr;Stim8hr,3,0.4543,0.4183,475
EDC3,Rest;Stim48hr;Stim8hr,3,0.4554,0.4153,913
IL4R,Stim48hr;Stim8hr,2,0.4565,0.4565,728
CD274,Rest;Stim48hr;Stim8hr,3,0.4571,0.41,166
TMED9,Rest;Stim48hr;Stim8hr,3,0.4571,0.3775,2576
PAXIP1,Rest;Stim48hr;Stim8hr,3,0.4575,0.4341,1240
CROT,Rest;Stim48hr;Stim8hr,3,0.4583,0.3844,282
MCTS1,Rest;Stim48hr;Stim8hr,3,0.4587,0.4377,1360
BRD8,Rest;Stim48hr;Stim8hr,3,0.459,0.3942,3692
IFNAR1,Rest;Stim48hr;Stim8hr,3,0.4595,0.4191,56
RNFT1,Rest;Stim48hr;Stim8hr,3,0.4597,0.3969,413
STK25,Rest;Stim8hr,2,0.4613,0.4613,38
SLC4A7,Stim48hr;Stim8hr,2,0.4616,0.4616,147
MOV10,Rest;Stim48hr;Stim8hr,3,0.4622,0.4246,1424
TMX1,Stim48hr;Stim8hr,2,0.4624,0.4624,2346
CMTM7,Rest;Stim48hr;Stim8hr,3,0.4626,0.433,91
KIFAP3,Rest;Stim48hr;Stim8hr,3,0.4629,0.406,1584
BRPF1,Rest;Stim48hr;Stim8hr,3,0.4637,0.4368,1787
UBAP2L,Rest;Stim48hr;Stim8hr,3,0.464,0.4237,1116
ATM,Rest;Stim48hr;Stim8hr,3,0.4648,0.4593,142
ZBTB7A,Rest;Stim48hr;Stim8hr,3,0.4655,0.4455,542
FBXL15,Rest;Stim48hr;Stim8hr,3,0.4657,0.3981,1708
KMT5B,Rest;Stim48hr;Stim8hr,3,0.4662,0.4414,939
ZNF280D,Rest;Stim48hr;Stim8hr,3,0.4673,0.4242,145
BCL10,Stim48hr;Stim8hr,2,0.4691,0.4691,3455
KDM4A,Rest;Stim48hr,2,0.4692,0.4692,31
SMG1,Rest;Stim48hr;Stim8hr,3,0.4697,0.4446,2683
PALS1,Stim48hr;Stim8hr,2,0.4706,0.4706,40
ECHS1,Rest;Stim48hr;Stim8hr,3,0.4714,0.4341,362
CALCOCO2,Stim48hr;Stim8hr,2,0.4723,0.4723,2351
KRBA2,Rest;Stim8hr,2,0.4732,0.4732,751
ADNP2,Rest;Stim48hr;Stim8hr,3,0.4734,0.4437,96
MMAB,Rest;Stim48hr;Stim8hr,3,0.4743,0.4597,836
DENR,Rest;Stim48hr;Stim8hr,3,0.4744,0.4328,3636
GATA3,Rest;Stim48hr;Stim8hr,3,0.4763,0.4492,1252
TBL1XR1,Rest;Stim48hr;Stim8hr,3,0.4765,0.4363,426
FBXO11,Rest;Stim48hr;Stim8hr,3,0.4773,0.4293,112
GMEB1,Rest;Stim48hr;Stim8hr,3,0.4773,0.4748,650
DDX1,Rest;Stim8hr,2,0.4773,0.4773,819
RO60,Rest;Stim48hr;Stim8hr,3,0.4789,0.4378,483
MGA,Rest;Stim48hr;Stim8hr,3,0.4789,0.4427,130
TESPA1,Rest;Stim48hr;Stim8hr,3,0.4796,0.4147,1974
WDR82,Rest;Stim48hr;Stim8hr,3,0.4808,0.425,1791
HSPH1,Rest;Stim48hr;Stim8hr,3,0.4811,0.4314,121
CD5,Stim48hr;Stim8hr,2,0.4822,0.4822,1200
IRF9,Rest;Stim48hr;Stim8hr,3,0.4831,0.4519,66
YIPF1,Stim48hr;Stim8hr,2,0.4836,0.4836,91
CHD7,Rest;Stim48hr;Stim8hr,3,0.4839,0.4254,2277
RAB11FIP1,Rest;Stim48hr;Stim8hr,3,0.485,0.4604,587
CD99L2,Stim48hr;Stim8hr,2,0.4856,0.4856,112
SEC14L2,Rest;Stim48hr;Stim8hr,3,0.4865,0.4744,1140
IFFO2,Rest;Stim48hr;Stim8hr,3,0.4869,0.4418,63
MED24,Rest;Stim48hr;Stim8hr,3,0.4885,0.4212,2794
ZMYM2,Rest;Stim48hr;Stim8hr,3,0.4889,0.4613,2177
UBE2V2,Rest;Stim48hr;Stim8hr,3,0.4899,0.4482,1443
TP53INP2,Rest;Stim48hr,2,0.4902,0.4902,1692
RCOR1,Rest;Stim48hr;Stim8hr,3,0.4915,0.4425,725
MED19,Rest;Stim48hr;Stim8hr,3,0.4917,0.4238,3868
ZNF274,Rest;Stim48hr;Stim8hr,3,0.4955,0.487,151
KPNA1,Rest;Stim48hr;Stim8hr,3,0.4979,0.4114,962
DOP1B,Rest;Stim48hr;Stim8hr,3,0.4986,0.49,3240
LZTS1,Rest;Stim48hr;Stim8hr,3,0.5001,0.4443,331
MTA2,Rest;Stim48hr;Stim8hr,3,0.5003,0.4755,1728
FOXO1,Rest;Stim48hr;Stim8hr,3,0.5011,0.4637,1327
CFAP298,Rest;Stim8hr,2,0.5011,0.5011,1424
FBXO32,Rest;Stim48hr;Stim8hr,3,0.5013,0.4298,1354
TADA1,Rest;Stim48hr;Stim8hr,3,0.5027,0.447,3648
LTB4R,Rest;Stim48hr;Stim8hr,3,0.5029,0.4467,642
TRIP12,Rest;Stim48hr;Stim8hr,3,0.5034,0.479,2012
CHD4,Rest;Stim48hr;Stim8hr,3,0.5036,0.475,1516
ARNT,Rest;Stim48hr;Stim8hr,3,0.5042,0.4455,2946
BRMS1,Rest;Stim48hr;Stim8hr,3,0.5079,0.4821,1662
TP53,Rest;Stim48hr;Stim8hr,3,0.508,0.4906,1848
MOSPD2,Rest;Stim48hr;Stim8hr,3,0.5083,0.4169,1755
ITK,Stim48hr;Stim8hr,2,0.5108,0.5108,3392
ATP2A2,Rest;Stim48hr;Stim8hr,3,0.5125,0.4758,3518
USP22,Rest;Stim48hr;Stim8hr,3,0.5132,0.4745,2380
WIZ,Rest;Stim48hr;Stim8hr,3,0.5133,0.4878,652
NMT2,Rest;Stim8hr,2,0.5154,0.5154,129
SAMD1,Rest;Stim48hr;Stim8hr,3,0.5163,0.4902,582
KDM2A,Rest;Stim48hr;Stim8hr,3,0.5165,0.4829,314
BCOR,Rest;Stim48hr;Stim8hr,3,0.5177,0.5011,41
KMT2C,Rest;Stim48hr;Stim8hr,3,0.518,0.4964,461
VIM,Rest;Stim48hr;Stim8hr,3,0.5184,0.4924,37
DIS3L2,Rest;Stim8hr,2,0.5211,0.5211,580
CREBBP,Rest;Stim48hr;Stim8hr,3,0.5214,0.4437,2968
HSDL2,Rest;Stim48hr;Stim8hr,3,0.5219,0.4767,246
TASOR,Rest;Stim48hr;Stim8hr,3,0.5223,0.4957,373
TMEM123,Rest;Stim48hr;Stim8hr,3,0.5226,0.5065,141
PTEN,Rest;Stim48hr;Stim8hr,3,0.5279,0.5132,2928
NFKB2,Rest;Stim48hr;Stim8hr,3,0.5289,0.4919,1349
SIN3B,Rest;Stim48hr;Stim8hr,3,0.5307,0.5091,1613
UBXN1,Rest;Stim48hr;Stim8hr,3,0.5314,0.475,4439
WDR54,Stim48hr;Stim8hr,2,0.5328,0.5328,165
AEBP2,Stim48hr;Stim8hr,2,0.5366,0.5366,509
MED12,Rest;Stim48hr;Stim8hr,3,0.5388,0.5014,4141
CD3E,Stim48hr;Stim8hr,2,0.5408,0.5408,5710
ELAVL1,Rest;Stim48hr;Stim8hr,3,0.541,0.4745,2169
EHMT1,Rest;Stim48hr;Stim8hr,3,0.5417,0.4989,468
LAT2,Rest;Stim48hr;Stim8hr,3,0.5427,0.4664,253
BHLHE40,Rest;Stim48hr;Stim8hr,3,0.5443,0.5085,1996
SMARCB1,Rest;Stim48hr;Stim8hr,3,0.5449,0.4854,2129
ZNF613,Rest;Stim48hr;Stim8hr,3,0.546,0.5232,1620
NCOR1,Rest;Stim48hr;Stim8hr,3,0.5475,0.4835,2006
SUPT20H,Rest;Stim48hr;Stim8hr,3,0.5513,0.5213,3947
SUPT7L,Rest;Stim48hr;Stim8hr,3,0.5515,0.4934,4330
RPRD2,Rest;Stim48hr;Stim8hr,3,0.5517,0.5344,2754
CD3G,Stim48hr;Stim8hr,2,0.5532,0.5532,4965
HPS1,Rest;Stim48hr;Stim8hr,3,0.5584,0.5129,302
TAF6L,Rest;Stim48hr;Stim8hr,3,0.5623,0.5003,4638
PLCG1,Stim48hr;Stim8hr,2,0.5675,0.5675,5032
SMARCE1,Rest;Stim48hr;Stim8hr,3,0.5687,0.5282,3266
ZNF148,Rest;Stim48hr;Stim8hr,3,0.5714,0.5391,1354
SHLD1,Rest;Stim48hr;Stim8hr,3,0.5749,0.5616,486
AHR,Rest;Stim48hr;Stim8hr,3,0.5781,0.5157,2789
MYB,Rest;Stim48hr;Stim8hr,3,0.5861,0.5476,1324
EHMT2,Rest;Stim48hr;Stim8hr,3,0.5915,0.5602,1428
LAT,Stim48hr;Stim8hr,2,0.5929,0.5929,5535
ELOB,Rest;Stim48hr;Stim8hr,3,0.5952,0.5081,3051
ZEB1,Rest;Stim48hr;Stim8hr,3,0.6037,0.5876,415
ELOF1,Rest;Stim48hr;Stim8hr,3,0.606,0.5419,4257
PIGB,Rest;Stim48hr;Stim8hr,3,0.6067,0.5715,176
SGF29,Rest;Stim48hr;Stim8hr,3,0.615,0.5716,4868
NFRKB,Rest;Stim48hr;Stim8hr,3,0.6225,0.5892,3019
CCNC,Rest;Stim48hr;Stim8hr,3,0.6303,0.5452,4090
UBE2L3,Rest;Stim48hr;Stim8hr,3,0.6457,0.6013,2873
SENP5,Rest;Stim48hr;Stim8hr,3,0.6476,0.5905,5171
L3MBTL2,Rest;Stim48hr;Stim8hr,3,0.6515,0.6283,496
TADA2B,Rest;Stim48hr;Stim8hr,3,0.6543,0.6092,5919
ATF7IP2,Rest;Stim48hr;Stim8hr,3,0.6598,0.6204,2730
NSD1,Rest;Stim48hr;Stim8hr,3,0.6609,0.6256,2174
CCNA2,Rest;Stim48hr;Stim8hr,3,0.6661,0.6476,817
KDM1A,Rest;Stim48hr;Stim8hr,3,0.6726,0.6426,2912
PCGF1,Rest;Stim48hr;Stim8hr,3,0.6748,0.6503,1078
TRAF3,Rest;Stim48hr;Stim8hr,3,0.6871,0.6495,1625
SETDB1,Rest;Stim48hr;Stim8hr,3,0.7411,0.7166,2290
ATAD5,Rest;Stim48hr;Stim8hr,3,0.7428,0.6836,3790
